,Date,Unix,Ticker,Price,stock_p_change,SP500,sp500_p_change,Difference,DE Ratio,Trailing P/E,Price/Sales,Price/Book,Profit Margin,Operating Margin,Return on Assets,Return on Equity,Revenue Per Share,Market Cap,Enterprise Value,Forward P/E,PEG Ratio,Enterprise Value/Revenue,Enterprise Value/EBITDA,Revenue,Gross Profit,EBITDA,Net Income Avl to Common ,Diluted EPS,Earnings Growth,Revenue Growth,Total Cash,Total Cash Per Share,Total Debt,Current Ratio,Book Value Per Share,Cash Flow,Beta,Held by Insiders,Held by Institutions,Shares Short (as of,Short Ratio,Short % of Float,Shares Short (prior ,Status
0,N/A,N/A,a,N/A,N/A,N/A,N/A,N/A,39.69,31.05,3.06,2.96,9.93,13.08,3.61,9.25,12.13,12380000000.0,12010000000.0,16.94,1.76,2.97,15.38,2.97,2040000000.0,15.38,438000000.0,1.20,110.30,0.80,2000000000.0,6.03,1660000000.0,3.78,12.57,1300000000.0,1.20,0.39,85.20,6460000.0,2.38,2.15,5960000.0,N/A
1,N/A,N/A,aapl,N/A,N/A,N/A,N/A,N/A,54.02,10.50,2.31,4.52,22.85,30.48,17.05,46.25,40.62,5.3665e+11,5.6139e+11,9.26,0.84,2.40,6.81,2.40,93630000000.0,6.81,53390000000.0,9.22,31.40,22.30,42000000000.0,7.53,64480000000.00001,1.11,21.40,81270000000.0,1.06,0.03,60.20,68190000.0,1.63,1.23,74240000.0,N/A
2,N/A,N/A,abbv,N/A,N/A,N/A,N/A,N/A,660.77,33.15,4.10,18.48,12.86,35.58,11.70,59.26,13.56,93430000000.0,1.1272e+11,11.36,0.64,5.14,13.16,5.14,15530000000.0,13.16,2810000000.0,1.72,144.90,18.40,9310000000.0,5.70,32130000000.000004,2.03,2.98,4990000000.0,1.62,0.10,73.60,24120000.0,3.20,1.52,21090000.0,N/A
3,N/A,N/A,abt,N/A,N/A,N/A,N/A,N/A,39.38,13.31,2.93,2.86,22.17,15.98,4.88,11.51,13.70,59610000000.0,62530000000.0,16.86,1.86,3.04,13.26,3.04,11030000000.0,13.26,2520000000.0,3.00,7.80,1.40,6140000000.0,4.12,8359999999.999999,1.82,14.15,3380000000.0,1.39,0.21,70.50,15610000.0,2.80,1.06,16070000.0,N/A
4,N/A,N/A,aci,N/A,N/A,N/A,N/A,N/A,135.46,25.21,2.15,3.69,8.57,14.98,5.40,15.72,8.81,2230000000.0,2940000000.0,24.45,1.44,2.86,14.82,2.86,561390000.0,14.82,88040000.0,0.75,6.10,4.40,80860000.0,0.68,811270000.0,1.04,5.06,196030000.0,1.15,2.13,101.10,3890000.0,7.78,3.88,3530000.0,N/A
5,N/A,N/A,acn,N/A,N/A,N/A,N/A,N/A,0.43,20.87,2.04,10.75,9.76,14.55,15.91,52.33,49.76,62200000000.0,60610000000.0,17.32,1.93,1.94,11.67,1.94,9810000000.0,11.67,3040000000.0,4.75,1.50,1.50,3080000000.0,4.90,27660000.0,1.25,9.43,3830000000.0,1.04,0.21,83.10,9730000.0,3.87,1.55,8850000.0,N/A
6,N/A,N/A,adi,N/A,N/A,N/A,N/A,N/A,17.86,22.99,4.49,3.04,20.29,30.94,9.54,14.18,10.99,15780000000.0,13290000000.0,15.10,1.71,3.87,10.34,3.87,2260000000.0,10.34,696880000.0,2.20,11.40,20.20,3030000000.0,9.71,906070000.0,3.66,16.26,907800000.0,1.15,0.75,88.30,4980000.0,1.96,1.61,6080000.0,N/A
7,N/A,N/A,adm,N/A,N/A,N/A,N/A,N/A,37.94,10.80,0.25,1.03,2.54,3.38,3.69,9.62,114.57,18670000000.0,23850000000.0,10.33,142.88,0.33,7.13,0.33,4770000000.0,7.13,1830000000.0,2.90,66.30,8.60,1140000000.0,1.91,6780000000.0,1.63,29.72,1640000000.0,1.26,2.23,77.00,10460000.0,2.07,1.70,8250000.0,N/A
8,N/A,N/A,adp,N/A,N/A,N/A,N/A,N/A,43.09,24.80,3.29,7.92,13.48,18.34,3.94,27.11,23.66,36080000000.0,35270000000.0,21.08,2.31,3.18,15.25,3.18,4510000000.0,15.25,1420000000.0,3.15,14.00,5.80,3210000000.0,6.96,2000000000.0,1.14,9.99,1620000000.0,0.86,0.14,78.10,4280000.0,2.74,0.92,4630000.0,N/A
9,N/A,N/A,adt,N/A,N/A,N/A,N/A,N/A,184.79,16.70,1.33,1.64,8.28,19.42,4.08,9.79,20.90,4740000000.0,10080000000.0,12.76,1.58,2.82,5.54,2.82,2000000000.0,5.54,296000000.0,1.72,1.20,1.80,78000000.0,0.47,5390000000.0,0.61,17.60,1600000000.0,1.35,0.22,122.20,37520000.0,22.45,26.17,38110000.0,N/A
10,N/A,N/A,aee,N/A,N/A,N/A,N/A,N/A,100.04,15.87,1.77,1.50,10.92,22.10,3.62,8.54,24.49,10270000000.0,17820000000.0,15.62,2.79,3.00,8.25,3.00,2470000000.0,8.25,595000000.0,2.67,17.10,9.80,72000000.0,0.30,7160000000.0,0.80,28.91,1880000000.0,0.44,0.25,66.40,3140000.0,1.62,1.30,3070000.0,N/A
11,N/A,N/A,aep,N/A,N/A,N/A,N/A,N/A,114.11,16.06,1.69,1.65,10.23,19.84,3.60,10.25,35.31,28430000000.0,49210000000.0,15.61,3.60,2.85,9.31,2.85,9300000000.0,9.31,1770000000.0,3.61,5.30,6.50,292000000.0,0.60,20210000000.0,0.64,36.06,4810000000.0,0.36,0.01,68.40,5430000.0,1.71,1.11,5280000.0,N/A
12,N/A,N/A,aes,N/A,N/A,N/A,N/A,N/A,320.35,10.24,0.37,1.65,3.80,16.99,4.39,14.45,22.55,5800000000.0,24680000000.0,7.77,2.72,1.57,6.40,1.57,3090000000.0,6.40,597000000.0,0.84,63.10,16.20,1890000000.0,2.81,20700000000.0,1.11,5.29,2080000000.0,1.30,0.26,96.80,11740000.0,2.08,1.67,12550000.0,N/A
13,N/A,N/A,aet,N/A,N/A,N/A,N/A,N/A,49.20,15.95,0.61,2.30,3.84,7.61,5.35,14.90,171.53,36280000000.0,39890000000.0,12.92,1.41,0.67,7.64,0.67,15090000000.0,7.64,2300000000.0,6.52,5.80,1.50,4510000000.0,12.92,7840000000.0,0.81,45.51,3050000000.0,0.44,0.35,90.40,13370000.0,4.54,4.13,12710000.0,N/A
14,N/A,N/A,afl,N/A,N/A,N/A,N/A,N/A,34.29,9.72,1.15,1.40,11.93,20.44,2.19,14.28,48.17,23710000000.0,26500000000.0,8.80,3.62,1.26,6.11,1.26,8360000000.0,6.11,2510000000.0,5.71,19.70,11.60,3520000000.0,8.25,5920000000.0,0.37,40.36,6740000000.0,1.14,2.41,67.40,7040000.0,3.29,1.67,6870000.0,N/A
15,N/A,N/A,aiv,N/A,N/A,N/A,N/A,N/A,214.60,27.46,6.30,4.15,22.98,26.76,2.61,14.41,6.22,5780000000.0,10600000000.0,15.53,2.07,11.16,19.24,11.16,603740000.0,19.24,205600000.0,1.35,82.90,0.20,45240000.0,0.29,3940000000.0,0.32,9.22,346480000.0,0.19,0.91,102.90,2390000.0,2.03,2.08,3610000.0,N/A
16,N/A,N/A,akam,N/A,N/A,N/A,N/A,N/A,20.07,25.34,3.75,2.62,15.32,22.35,7.49,11.13,12.07,8200000000.0,8040000000.0,17.14,1.48,3.73,11.57,3.73,1350000000.0,11.57,330090000.0,1.82,3.40,10.60,667850000.0,3.75,619360000.0,3.65,17.31,741900000.0,1.10,2.80,89.10,6650000.0,3.25,3.83,6300000.0,N/A
17,N/A,N/A,all,N/A,N/A,N/A,N/A,N/A,25.24,10.09,0.63,1.22,7.02,11.56,2.41,11.70,87.12,22460000000.0,23870000000.0,10.51,1.57,0.67,5.31,0.67,13130000000.0,5.31,2390000000.0,5.75,16.80,1.00,3940000000.0,10.18,5180000000.0,0.51,48.10,3360000000.0,1.20,0.27,77.60,3780000.0,1.49,0.94,3890000.0,N/A
18,N/A,N/A,amat,N/A,N/A,N/A,N/A,N/A,59.66,14.62,1.96,2.51,14.26,17.11,7.25,17.79,7.96,18810000000.0,18480000000.0,10.70,0.89,1.91,9.13,1.91,3950000000.0,9.13,1380000000.0,1.12,31.20,4.60,4960000000.0,4.32,4540000000.0,2.44,6.56,1160000000.0,1.87,0.21,87.10,18190000.0,1.41,1.48,21390000.0,N/A
19,N/A,N/A,amgn,N/A,N/A,N/A,N/A,N/A,113.57,18.51,5.32,4.08,29.98,39.13,7.36,24.14,28.21,1.1694e+11,1.1477e+11,14.54,1.60,5.35,11.08,5.35,15640000000.0,11.08,6430000000.0,8.38,49.80,13.80,31120000000.0,41.26,31760000000.0,5.42,37.05,9460000000.0,1.23,0.13,81.70,8880000.0,2.90,1.34,8350000.0,N/A
20,N/A,N/A,amp,N/A,N/A,N/A,N/A,N/A,139.95,10.53,1.32,2.12,13.38,27.34,1.42,19.39,65.99,15950000000.0,22570000000.0,8.86,0.86,1.85,6.31,1.85,10310000000.0,6.31,1630000000.0,8.70,5.50,7.20,5880000000.0,33.79,12340000000.0,2.31,43.59,2320000000.0,1.45,0.25,89.20,2280000.0,2.09,1.26,2430000.0,N/A
21,N/A,N/A,amt,N/A,N/A,N/A,N/A,N/A,254.74,66.62,8.49,5.82,13.94,35.69,4.26,11.63,11.01,37700000000.0,55250000000.0,16.01,1.40,12.18,19.62,12.18,3010000000.0,19.62,557560000.0,1.34,50.40,19.20,287400000.0,0.68,17030000000.000002,0.68,15.63,2110000000.0,0.83,0.11,97.00,6040000.0,3.09,1.44,5900000.0,N/A
22,N/A,N/A,an,N/A,N/A,N/A,N/A,N/A,238.81,11.43,0.24,2.18,2.25,4.32,6.67,21.64,181.39,5090000000.0,10270000000.0,9.94,0.86,0.50,10.18,0.50,2990000000.0,10.18,462800000.0,4.03,11.30,9.10,63900000.0,0.58,5410000000.0,0.95,20.41,507500000.0,1.19,27.31,69.30,4030000.0000000005,5.17,5.55,3820000.0,N/A
23,N/A,N/A,anf,N/A,N/A,N/A,N/A,N/A,26.64,80.13,0.48,1.34,0.63,3.72,3.22,1.80,50.82,1720000000.0,1630000000.0,21.66,1.12,0.46,4.75,0.46,2310000000.0,4.75,22220000.0,0.32,129.80,3.60,405610000.0,6.04,337970000.0,1.88,18.84,349560000.0,0.80,1.71,126.10,22440000.0,7.24,36.95,22460000.0,N/A
24,N/A,N/A,aon,N/A,N/A,N/A,N/A,N/A,103.10,19.44,2.02,4.00,10.80,16.74,4.36,19.66,41.48,23270000000.0,29000000000.0,13.01,1.60,2.49,11.56,2.49,12040000000.0,11.56,1250000000.0,4.37,4.50,4.80,676000000.0,2.47,6130000000.0,1.03,21.48,1830000000.0,1.17,1.04,90.00,3630000.0,2.86,1.31,3320000.0,N/A
25,N/A,N/A,apd,N/A,N/A,N/A,N/A,N/A,79.66,19.99,2.60,3.55,12.92,19.18,6.74,17.35,46.04,25330000000.0,31420000000.0,14.44,1.12,3.18,11.08,3.18,2950000000.0,11.08,1280000000.0,5.88,231.20,8.50,224000000.0,1.04,5880000000.0,0.80,33.66,2440000000.0,1.34,0.15,88.70,3180000.0,2.03,1.48,3040000.0,N/A
26,N/A,N/A,aph,N/A,N/A,N/A,N/A,N/A,89.69,19.45,2.52,4.45,13.60,19.94,9.68,24.75,17.98,14340000000.0,15260000000.0,18.17,2.67,2.74,11.85,2.74,1690000000.0,11.85,756800000.0,2.39,12.20,7.40,1600000000.0,5.18,2850000000.0,3.57,10.20,981700000.0,0.80,0.36,101.40,4900000.0,5.02,1.88,4900000.0,N/A
27,N/A,N/A,arg,N/A,N/A,N/A,N/A,N/A,147.54,28.59,1.86,5.20,6.85,11.87,6.58,18.74,71.66,9990000000.0,12750000000.0,26.21,3.56,2.38,13.05,2.38,2950000000.0,13.05,367190000.0,4.84,0.30,1.20,58070000.0,0.81,2830000000.0,1.04,26.64,747780000.0,0.85,10.17,81.50,1680000.0,1.29,2.85,1070000.0,N/A
28,N/A,N/A,avb,N/A,N/A,N/A,N/A,N/A,64.09,31.39,13.07,2.48,39.05,38.66,2.76,7.71,14.11,23480000000.0,30400000000.0,20.74,3.09,16.28,25.51,16.28,1690000000.0,25.51,727140000.0,5.47,14.50,11.60,318560000.0,2.33,6310000000.0,0.95,71.81,1040000000.0,0.04,0.45,100.60,1400000.0,1.48,1.25,1650000.0,N/A
29,N/A,N/A,avy,N/A,N/A,N/A,N/A,N/A,99.84,18.81,0.88,5.10,4.77,8.70,7.61,24.68,67.15,5380000000.0,6240000000.0,15.95,1.85,1.02,9.02,1.02,1650000000.0,9.02,291500000.0,3.14,35.70,5.90,189200000.0,2.08,1050000000.0,1.30,11.56,464300000.0,1.15,0.47,91.30,4490000.0,6.26,4.98,4250000.0,N/A
30,N/A,N/A,ba,N/A,N/A,N/A,N/A,N/A,132.86,15.37,0.87,12.55,5.79,8.29,5.24,52.43,139.09,81830000000.0,83660000000.0,12.97,1.49,0.86,8.44,0.86,14010000000.0,8.44,5610000000.0,7.95,25.10,8.70,9820000000.0,14.66,9020000000.0,1.17,10.05,11240000000.0,1.05,0.06,74.60,19230000.0,5.34,3.33,19190000.0,N/A
31,N/A,N/A,bax,N/A,N/A,N/A,N/A,N/A,85.77,11.08,1.20,2.47,10.65,19.48,8.58,22.45,29.63,19010000000.0,19950000000.0,24.31,2.57,1.24,4.81,1.24,8160000000.0,4.81,1830000000.0,3.14,99.80,8.20,6130000000.0,11.20,6730000000.0,1.86,14.31,2070000000.0,0.80,10.11,84.90,10630000.0,2.89,1.96,10770000.0,N/A
32,N/A,N/A,bbby,N/A,N/A,N/A,N/A,N/A,58.46,8.49,0.58,2.70,7.15,12.05,12.77,29.85,71.61,7020000000.0,7940000000.0,8.33,1.66,0.66,4.66,0.66,4620000000.0,4.66,859010000.0,5.06,21.10,0.30,490740000.0,3.06,1500000000.0,1.91,16.00,1170000000.0,1.06,3.33,99.60,16750000.0,6.55,10.11,17180000.0,N/A
33,N/A,N/A,bby,N/A,N/A,N/A,N/A,N/A,35.25,9.99,0.22,1.92,2.34,3.87,6.27,18.52,114.80,9090000000.0,7160000000.0,9.51,0.96,0.18,3.23,0.18,9050000000.0,3.23,854000000.0,2.66,16.80,2.40,3350000000.0,9.77,1640000000.0,1.40,13.48,1620000000.0,1.58,13.81,89.20,28370000.0,6.44,10.87,26840000.0,N/A
34,N/A,N/A,bdx,N/A,N/A,N/A,N/A,N/A,178.98,42.05,2.92,4.19,6.76,17.56,5.75,11.38,50.77,29890000000.0,41390000000.0,15.11,1.26,4.03,15.73,4.03,4700000000.0,15.73,695000000.0,3.35,39.90,39.90,1460000000.0,6.94,12820000000.0,1.38,34.00,1730000000.0,1.11,0.28,85.60,5590000.0,5.22,2.66,5210000.0,N/A
35,N/A,N/A,ben,N/A,N/A,N/A,N/A,N/A,17.17,10.00,2.50,1.68,25.61,38.35,11.66,16.84,12.93,19670000000.0,12230000000.0,10.79,3.35,1.54,3.95,1.54,7910000000.0,3.95,2020000000.0,3.29,44.10,13.10,9800000000.0,16.29,2160000000.0,9.35,19.62,2250000000.0,1.74,37.70,50.10,18840000.0,4.56,5.09,14960000.0,N/A
36,N/A,N/A,biib,N/A,N/A,N/A,N/A,N/A,61.84,17.60,5.69,5.69,34.07,46.31,17.76,34.74,45.05,60040000000.0,60840000000.0,14.56,1.26,5.76,11.08,5.76,8530000000.0,11.08,3600000000.0,15.30,12.70,10.60,5840000000.0,26.21,6530000000.0,3.52,47.43,3610000000.0,0.36,0.10,91.20,2570000.0,1.70,1.09,2570000.0,N/A
37,N/A,N/A,blk,N/A,N/A,N/A,N/A,N/A,125.47,15.01,4.31,1.74,29.12,41.26,1.31,11.80,67.91,48420000000.0,47460000000.0,12.97,1.54,4.19,9.63,4.19,10850000000.0,9.63,3300000000.0,19.45,8.10,2.10,37100000000.0,223.41,35730000000.0,1.18,169.44,3110000000.0,1.85,2.67,88.30,2530000.0,3.15,2.02,2400000.0,N/A
38,N/A,N/A,bll,N/A,N/A,N/A,N/A,N/A,254.33,32.13,1.15,9.14,3.67,9.90,6.63,24.59,59.94,9350000000.0,12370000000.0,18.49,3.38,1.50,11.28,1.50,1670000000.0,11.28,301600000.0,2.13,69.80,6.30,244400000.0,1.79,3160000000.0,1.05,7.59,959500000.0,1.09,1.25,34.20,8630000.0,6.23,6.32,7970000.0,N/A
39,N/A,N/A,bms,N/A,N/A,N/A,N/A,N/A,104.56,17.84,1.02,3.41,5.83,10.19,7.06,17.07,42.48,4200000000.0,5460000000.0,16.08,2.16,1.32,9.57,1.32,859100000.0,9.57,242300000.0,2.45,267.60,7.30,78600000.0,0.82,1300000000.0,2.16,12.95,468600000.0,1.25,1.05,75.80,4059999.9999999995,6.54,4.21,4550000.0,N/A
40,N/A,N/A,bmy,N/A,N/A,N/A,N/A,N/A,47.69,59.84,6.38,6.99,10.74,22.61,7.16,12.12,9.93,1.0602e+11,1.0732e+11,27.75,1.76,6.49,24.04,6.49,11950000000.0,24.04,1780000000.0,1.06,2.10,3.80,5410000000.0,3.25,7280000000.0,1.81,9.04,1790000000.0,1.04,0.11,73.50,24290000.0,4.69,1.46,23570000.0,N/A
41,N/A,N/A,brcm,N/A,N/A,N/A,N/A,N/A,15.96,23.64,3.80,3.23,16.67,19.80,8.25,15.19,14.09,33000000000.0,30380000000.0,18.25,2.73,3.58,15.30,3.58,4330000000.0,15.30,1410000000.0,2.29,337.80,3.20,3460000000.0,5.69,1590000000.0,3.60,16.40,1890000000.0,0.19,0.06,87.60,5720000.0,1.05,1.02,5190000.0,N/A
42,N/A,N/A,bwa,N/A,N/A,N/A,N/A,N/A,47.76,10.96,0.86,1.83,7.91,12.92,8.52,17.35,34.98,6750000000.0,7580000000.0,8.89,1.09,0.96,5.66,0.96,1760000000.0,5.66,624300000.0,2.75,5.50,7.30,1030000000.0,4.61,1810000000.0,2.14,16.58,725800000.0,1.26,0.43,96.60,11390000.0,7.30,5.05,10510000.0,N/A
43,N/A,N/A,bxp,N/A,N/A,N/A,N/A,N/A,123.13,29.26,7.32,3.24,24.77,34.77,2.87,11.10,16.32,17790000000.0,26870000000.0,20.29,3.39,10.74,17.82,10.74,1530000000.0,17.82,608980000.0,3.96,43.20,1.50,1390000000.0,9.03,9930000000.0,4.12,36.80,834750000.0,0.22,0.63,97.90,1910000.0,2.53,1.59,1630000.0,N/A
44,N/A,N/A,ca,N/A,N/A,N/A,N/A,N/A,31.50,15.03,2.80,1.99,18.53,28.54,6.56,12.97,9.37,10760000000.0,10790000000.0,10.37,3.92,2.63,8.39,2.63,3350000000.0,8.39,734000000.0,1.72,32.00,6.90,2460000000.0,5.60,1800000000.0,1.34,13.13,1010000000.0,0.79,28.65,69.10,12760000.0,4.14,4.03,12000000.0,N/A
45,N/A,N/A,cab,N/A,N/A,N/A,N/A,N/A,237.05,15.38,0.75,1.61,4.89,8.15,2.58,10.65,54.56,2820000000.0,7160000000.0,12.69,1.34,1.85,16.15,1.85,1590000000.0,16.15,189150000.0,2.64,18.80,4.60,38600000.0,0.56,4290000000.0,3.77,26.05,311800000.0,0.17,27.62,82.50,8870000.0,10.54,17.54,9360000.0,N/A
46,N/A,N/A,cah,N/A,N/A,N/A,N/A,N/A,83.50,20.12,0.25,4.13,1.25,2.22,5.19,20.62,322.78,26410000000.0,29410000000.0,13.38,1.16,0.28,10.35,0.28,5710000000.0,10.35,1330000000.0,3.99,44.00,16.60,2970000000.0,9.04,5550000000.0,1.19,19.77,2430000000.0,0.69,0.20,88.30,7250000.0,4.37,2.46,6490000.0,N/A
47,N/A,N/A,cam,N/A,N/A,N/A,N/A,N/A,53.84,17.53,1.17,2.51,6.62,13.49,6.49,4.60,49.32,10920000000.0,12020000000.0,24.12,2.20,1.26,7.33,1.26,2920000000.0,7.33,203000000.0,3.26,16.90,17.60,1950000000.0,10.20,2830000000.0,2.27,23.21,1150000000.0,0.09,0.74,93.00,3570000.0,1.78,1.88,3710000.0,N/A
48,N/A,N/A,camp,N/A,N/A,N/A,N/A,N/A,75.95,35.67,2.22,3.40,6.43,11.61,7.12,11.03,7.73,638960000.0,533280000.0,13.66,0.75,1.91,13.12,1.91,87400000.0,13.12,17950000.0,0.49,3.60,18.10,223340000.0,6.15,138100000.0,6.51,5.01,45060000.0,1.70,3.72,69.00,3470000.0,8.21,9.92,3610000.0,N/A
49,N/A,N/A,cat,N/A,N/A,N/A,N/A,N/A,235.14,12.11,0.68,2.16,5.87,9.50,3.65,16.98,83.68,34240000000.0,67110000000.0,16.80,1.89,1.34,8.56,1.34,14790000000.0,8.56,2950000000.0,4.86,63.80,19.10,4810000000.0,8.26,37550000000.0,1.37,27.30,6740000000.0,1.16,0.23,66.60,47660000.0,7.48,7.91,49110000.0,N/A
50,N/A,N/A,cb,N/A,N/A,N/A,N/A,N/A,26.03,13.52,1.89,1.23,14.24,18.12,2.21,9.15,58.09,25130000000.0,40680000000.0,11.23,1.14,2.14,11.26,2.14,7110000000.0,11.26,2710000000.0,8.19,32.70,7.20,2850000000.0,8.78,7580000000.0,0.40,89.88,3970000000.0,1.01,0.30,86.20,3460000.0,2.44,1.53,2990000.0,N/A
51,N/A,N/A,cbg,N/A,N/A,N/A,N/A,N/A,143.46,16.49,0.96,3.73,5.75,8.92,6.49,24.39,29.94,9360000000.0,12710000000.0,12.07,1.02,1.28,10.85,1.28,999700000.0,10.85,571370000.0,1.70,39.20,19.20,504240000.0,1.52,3710000000.0,1.10,7.65,735710000.0,1.38,1.23,95.20,4080000.0,2.43,1.43,4150000.0000000005,N/A
52,N/A,N/A,cce,N/A,N/A,N/A,N/A,N/A,397.72,19.77,1.44,10.43,7.56,13.02,6.87,40.34,31.19,10400000000.0,14310000000.0,17.16,14.94,1.96,11.65,1.96,2970000000.0,11.65,552000000.0,2.32,29.40,14.70,196000000.0,0.86,4000000000.0,0.94,4.44,1180000000.0,1.14,3.21,77.50,7230000.0,2.96,3.13,7910000.0,N/A
53,N/A,N/A,cci,N/A,N/A,N/A,N/A,N/A,167.69,17.58,6.98,3.66,40.26,27.85,3.09,7.99,11.40,26110000000.0,38430000000.0,16.75,1.84,10.13,18.32,10.13,2340000000.0,18.32,511800000.0,4.45,3.00,2.80,184120000.0,0.55,12140000000.0,1.24,21.74,1770000000.0,0.30,0.73,96.20,9600000.0,4.28,2.90,10160000.0,N/A
54,N/A,N/A,cern,N/A,N/A,N/A,N/A,N/A,16.43,37.86,4.70,5.03,12.70,20.36,10.53,14.41,11.95,19170000000.0,19460000000.0,23.84,1.67,4.74,17.17,4.74,2800000000.0,17.17,521130000.0,1.48,14.20,35.70,464540000.0,1.36,630670000.0,2.15,11.22,817880000.0,1.14,11.05,82.20,18030000.0,9.01,5.90,17840000.0,N/A
55,N/A,N/A,cf,N/A,N/A,N/A,N/A,N/A,125.18,7.68,1.60,1.71,20.68,33.10,7.44,20.36,18.47,6810000000.0,11700000000.0,7.59,1.00,2.65,6.15,2.65,1780000000.0,6.15,911700000.0,3.81,30.60,0.70,943200000.0,4.05,5590000000.0,1.39,17.64,1300000000.0,1.14,5.63,94.60,8810000.0,3.63,4.13,8860000.0,N/A
56,N/A,N/A,chrw,N/A,N/A,N/A,N/A,N/A,91.04,18.75,0.67,8.11,3.64,6.10,16.62,46.14,93.61,9160000000.0,10030000000.0,16.95,1.91,0.74,11.33,0.74,2010000000.0,11.33,496060000.0,3.40,11.60,1.40,143090000.0,1.00,1030000000.0,1.17,7.85,672550000.0,0.49,1.41,88.40,7350000.0,3.17,5.05,6450000.0,N/A
57,N/A,N/A,ci,N/A,N/A,N/A,N/A,N/A,43.91,17.04,0.97,3.06,5.73,9.82,4.06,18.35,145.13,35870000000.0,38770000000.0,14.94,1.50,1.04,9.72,1.04,13580000000.0,9.72,2140000000.0,8.17,2.40,7.20,2480000000.0,9.61,5200000000.0,0.99,45.73,2240000000.0,0.32,2.74,88.50,2460000.0,1.79,0.98,1830000.0,N/A
58,N/A,N/A,cinf,N/A,N/A,N/A,N/A,N/A,13.56,13.97,1.76,1.42,12.55,18.56,3.20,10.14,31.36,8920000000.0,9420000000.0,19.80,4.98,1.83,9.36,1.83,788000000.0,9.36,645000000.0,3.90,4.90,0.20,494000000.0,3.02,861000000.0,1.22,38.77,995000000.0,1.07,13.79,63.70,3250000.0,4.96,2.18,3130000.0,N/A
59,N/A,N/A,cl,N/A,N/A,N/A,N/A,N/A,150.85,23.12,3.53,226.37,15.10,24.69,18.53,225.60,18.06,56010000000.0,63050000000.0,21.10,3.45,3.86,14.09,3.86,10110000000.0,14.09,2470000000.0,2.70,33.90,8.70,1590000000.0,1.77,6790000000.0,1.29,0.28,3010000000.0,0.89,0.31,74.90,10990000.0,3.49,1.32,10650000.0,N/A
60,N/A,N/A,clx,N/A,N/A,N/A,N/A,N/A,871.43,25.09,2.89,138.14,11.63,18.39,15.87,440.28,43.70,16190000000.0,18320000000.0,24.11,3.55,3.22,15.33,3.22,2460000000.0,15.33,634000000.0,5.00,91.10,2.80,383000000.0,2.97,2230000000.0,1.04,0.92,778000000.0,0.50,0.18,75.80,5850000.0,5.42,4.56,6670000.0,N/A
61,N/A,N/A,cmcsa,N/A,N/A,N/A,N/A,N/A,89.82,16.82,1.83,2.58,11.12,22.00,6.31,15.49,29.05,1.3113e+11,1.7903e+11,14.89,1.24,2.45,7.30,2.45,47860000000.0,7.30,8120000000.0,3.19,23.00,11.20,2030000000.0,0.83,47760000000.0,0.66,21.05,18460000000.0,1.08,0.16,84.60,26630000.0,2.24,1.27,33570000.0,N/A
62,N/A,N/A,cme,N/A,N/A,N/A,N/A,N/A,10.48,22.51,8.68,1.36,37.62,60.05,1.74,5.88,9.99,28480000000.0,29860000000.0,19.77,1.81,8.90,13.31,8.90,2990000000.0,13.31,1260000000.0,3.74,24.10,11.50,1510000000.0,4.46,2240000000.0,1.04,63.48,1640000000.0,0.61,4.48,78.80,5920000.0,3.67,2.11,5460000.0,N/A
63,N/A,N/A,cmi,N/A,N/A,N/A,N/A,N/A,20.45,9.02,0.76,1.90,8.65,11.07,8.55,21.75,108.28,14880000000.0,14680000000.0,10.29,1.81,0.76,5.53,0.76,4860000000.0,5.53,1680000000.0,9.34,10.20,5.50,1720000000.0,9.76,1650000000.0,2.23,43.88,2010000000.0,1.23,0.21,84.70,9090000.0,2.61,5.43,9840000.0,N/A
64,N/A,N/A,cms,N/A,N/A,N/A,N/A,N/A,223.99,19.32,1.52,2.62,7.65,17.76,3.94,13.47,24.38,9960000000.0,19180000000.0,17.89,2.89,2.86,10.17,2.86,2090000000.0,10.17,513000000.0,1.86,57.40,3.90,150000000.0,0.54,8820000000.0,1.19,14.08,1900000000.0,0.28,0.91,90.00,7260000.0,3.37,2.65,8410000.0,N/A
65,N/A,N/A,coh,N/A,N/A,N/A,N/A,N/A,36.01,22.96,2.07,3.50,9.08,17.17,10.91,15.46,15.14,8730000000.0,8260000000.0,14.84,1.93,1.98,8.97,1.98,2910000000.0,8.97,379700000.0,1.37,19.10,0.80,1280000000.0,4.60,890600000.0,3.13,8.91,806500000.0,0.67,0.12,93.60,16230000.0,3.48,5.85,16379999.999999998,N/A
66,N/A,N/A,col,N/A,N/A,N/A,N/A,N/A,113.19,16.56,2.15,6.02,13.08,19.22,8.72,36.83,39.64,11150000000.0,13130000000.0,14.37,1.72,2.50,10.96,2.50,1610000000.0,10.96,694000000.0,5.13,10.20,1.30,252000000.0,1.92,2130000000.0,1.51,14.22,735000000.0,0.61,0.45,0.20,5440000.0,9.38,4.16,5370000.0,N/A
67,N/A,N/A,cost,N/A,N/A,N/A,N/A,N/A,55.29,27.87,0.57,6.10,2.03,3.11,6.46,20.22,265.29,65450000000.0,66020000000.0,23.93,3.34,0.57,13.85,0.57,15130000000.0,13.85,2360000000.0,5.34,3.20,1.30,6280000000.0,14.29,6130000000.0,1.03,24.67,3970000000.0,0.79,0.79,73.50,6020000.0,2.40,1.38,6680000.0,N/A
68,N/A,N/A,cpb,N/A,N/A,N/A,N/A,N/A,291.63,26.43,2.10,11.91,7.93,14.67,8.87,42.24,25.82,16770000000.0,20690000000.0,18.28,3.92,2.58,13.98,2.58,2800000000.0,13.98,637000000.0,2.05,21.80,2.30,263000000.0,0.85,4110000000.0000005,0.81,4.56,1210000000.0,0.58,39.34,43.80,7160000.0,3.66,3.87,6420000.0,N/A
69,N/A,N/A,csc,N/A,N/A,N/A,N/A,N/A,85.69,192.24,0.35,1.33,0.19,2.59,1.78,1.09,81.25,4060000000.0,4800000000.0,10.04,0.93,0.42,4.98,0.42,2640000000.0,4.98,22000000.0,0.15,10.60,11.90,1820000000.0,13.10,2610000000.0,1.32,21.79,1380000000.0,0.68,0.39,95.20,5090000.0,1.20,3.71,4580000.0,N/A
70,N/A,N/A,csco,N/A,N/A,N/A,N/A,N/A,41.05,12.18,2.44,2.02,19.32,23.53,6.76,16.42,9.73,1.1624e+11,86580000000.0,9.54,1.12,1.75,6.33,1.75,29680000000.0,6.33,9580000000.0,1.88,32.90,3.60,59110000000.0,11.64,24620000000.0,3.35,11.80,12830000000.0,1.06,0.11,77.00,39160000.0,1.69,0.77,38860000.0,N/A
71,N/A,N/A,csx,N/A,N/A,N/A,N/A,N/A,91.73,11.15,1.87,1.90,16.66,30.35,6.58,17.23,12.00,21730000000.0,31380000000.0,10.72,2.52,2.66,6.55,2.66,8570000000.0,6.55,1970000000.0,2.00,5.10,12.90,1440000000.0,1.48,10700000000.0,1.52,11.99,3370000000.0,1.23,0.35,71.10,14200000.0,1.56,1.44,10830000.0,N/A
72,N/A,N/A,ctas,N/A,N/A,N/A,N/A,N/A,67.55,14.65,1.93,4.69,13.82,15.79,10.07,20.36,41.62,8900000000.0,9660000000.0,18.80,1.71,2.07,10.79,2.07,1920000000.0,10.79,414550000.0,5.62,186.60,8.50,672610000.0,6.22,1300000000.0,1.81,17.80,552740000.0,0.71,18.18,71.80,4570000.0,8.42,4.92,4700000.0,N/A
73,N/A,N/A,ctl,N/A,N/A,N/A,N/A,N/A,143.26,17.11,0.71,0.90,4.08,14.25,3.20,4.74,31.89,12210000000.0,32810000000.0,9.42,5.91,1.84,4.92,1.84,10180000000.0,4.92,728000000.0,1.30,9.00,0.90,355000000.0,0.65,20410000000.0,0.60,25.72,5210000000.0,1.18,0.48,76.50,36250000.0,7.12,7.24,35230000.0,N/A
74,N/A,N/A,ctsh,N/A,N/A,N/A,N/A,N/A,10.76,23.24,3.06,4.13,13.11,17.34,12.03,19.29,19.57,36030000000.0,33350000000.0,17.03,1.22,2.80,14.05,2.80,4120000000.0,14.05,1560000000.0,2.55,11.70,23.50,4050000000.0,6.66,950000000.0,3.40,14.52,1790000000.0,1.15,0.45,91.60,7820000.0,2.15,1.29,8210000.000000001,N/A
75,N/A,N/A,ctxs,N/A,N/A,N/A,N/A,N/A,63.17,38.11,3.15,4.98,8.79,16.94,6.41,13.55,20.05,10230000000.0,10410000000.0,14.88,1.08,3.23,13.08,3.23,2520000000.0,13.08,283320000.0,1.75,17.70,7.20,1070000000.0,6.97,1320000000.0,1.12,13.27,943240000.0,1.33,6.57,95.60,7850000.0,5.01,4.89,7840000.0,N/A
76,N/A,N/A,cvs,N/A,N/A,N/A,N/A,N/A,73.22,21.24,0.70,2.83,3.39,6.16,6.92,13.42,132.36,1.0447e+11,1.2993e+11,16.14,1.28,0.87,11.62,0.87,25370000000.0,11.62,5030000000.0,4.43,31.40,10.30,3010000000.0,2.71,27220000000.0,1.44,33.49,8260000000.0,1.06,0.23,85.10,16160000.0,3.05,1.43,18730000.0,N/A
77,N/A,N/A,cvx,N/A,N/A,N/A,N/A,N/A,23.01,17.15,1.12,0.99,6.34,0.83,0.26,5.58,72.97,1.4864e+11,1.7604e+11,30.73,1.09,1.29,8.14,1.29,55540000000.0,8.14,8650000000.0,4.61,63.60,37.70,13240000000.0,7.03,35880000000.0,1.32,82.31,21400000000.0,1.25,0.04,62.60,26140000.0,2.20,1.39,26550000.0,N/A
78,N/A,N/A,d,N/A,N/A,N/A,N/A,N/A,207.46,22.80,3.45,3.30,14.79,30.30,4.20,14.54,20.47,40920000000.0,68910000000.0,17.85,3.47,5.71,13.01,5.71,4560000000.0,13.01,1780000000.0,3.01,12.10,2.60,249000000.0,0.42,27540000000.0,0.61,21.15,4480000000.0,0.34,0.39,61.30,12460000.0,5.05,2.13,12290000.0,N/A
79,N/A,N/A,dal,N/A,N/A,N/A,N/A,N/A,85.10,13.15,0.89,3.50,6.94,14.97,7.24,25.03,50.54,35930000000.0,41210000000.0,6.55,0.26,1.01,5.28,1.01,17400000000.0,5.28,2830000000.0,3.47,268.30,0.60,3820000000.0,4.84,8800000000.0,0.68,13.13,7030000000.0,1.27,0.28,89.50,15050000.0,1.69,1.85,15060000.0,N/A
80,N/A,N/A,dd,N/A,N/A,N/A,N/A,N/A,88.54,16.68,1.45,4.33,8.98,12.38,5.64,23.37,35.69,46270000000.0,53090000000.0,16.55,6.16,1.65,9.61,1.65,13020000000.0,9.61,3160000000.0,3.17,45.70,17.50,3730000000.0,4.26,9940000000.0,2.04,12.29,3670000000.0,1.77,0.14,68.70,11530000.0,1.60,1.27,13540000.0,N/A
81,N/A,N/A,dds,N/A,N/A,N/A,N/A,N/A,52.37,8.28,0.34,1.28,4.63,7.84,7.64,17.00,169.57,2390000000.0,3170000000.0,8.82,1.94,0.47,4.03,0.47,2510000000.0,4.03,315760000.0,7.85,17.20,1.80,100110000.0,2.73,951550000.0,1.62,49.49,484980000.0,1.52,11.73,94.10,4620000.0,9.06,19.37,4270000.0,N/A
82,N/A,N/A,de,N/A,N/A,N/A,N/A,N/A,546.19,12.48,0.80,3.40,6.73,9.21,2.78,24.53,86.39,22770000000.0,56530000000.0,16.33,1.25,1.96,14.37,1.96,8720000000.0,14.37,1940000000.0,5.77,45.90,25.10,3330000000.0,10.50,36910000000.0,2.09,21.29,3740000000.0,0.98,9.36,74.10,40940000.0,12.58,12.96,37470000.0,N/A
83,N/A,N/A,dg,N/A,N/A,N/A,N/A,N/A,58.14,18.35,1.02,3.83,5.72,9.53,10.76,21.41,67.18,20430000000.0,23390000000.0,15.64,1.25,1.17,10.36,1.17,5800000000.0,10.36,1140000000.0,3.83,7.20,7.30,182510000.0,0.63,3110000000.0,1.75,18.37,1250000000.0,0.79,5.30,91.90,8080000.0,2.34,2.66,7620000.0,N/A
84,N/A,N/A,dgx,N/A,N/A,N/A,N/A,N/A,79.55,13.31,1.25,2.05,9.45,15.68,7.42,16.81,51.91,9320000000.0,12990000000.0,12.80,1.51,1.73,8.73,1.73,2800000000.0,8.73,703000000.0,4.88,165.10,1.30,123000000.0,0.86,3730000000.0,1.46,31.87,842000000.0,0.41,0.34,96.90,7810000.0,7.40,6.06,7370000.0,N/A
85,N/A,N/A,dhi,N/A,N/A,N/A,N/A,N/A,64.65,13.04,0.92,1.68,6.94,10.86,6.88,13.63,29.55,9780000000.0,12380000000.0,10.03,0.64,1.14,10.08,1.14,2290000000.0,10.08,750700000.0,2.03,43.70,28.30,1360000000.0,3.68,3810000000.0,5.31,15.99,700400000.0,1.01,9.63,85.30,32110000.0,9.13,9.59,33970000.0,N/A
86,N/A,N/A,dhr,N/A,N/A,N/A,N/A,N/A,64.75,18.20,2.84,2.54,16.12,17.69,5.36,10.93,29.41,58250000000.0,71850000000.0,17.31,1.85,3.48,15.40,3.48,10440000000.0,15.40,2570000000.0,4.67,106.20,6.70,1830000000.0,2.68,15010000000.0,1.03,33.73,3810000000.0,1.06,12.81,84.30,9190000.0,3.25,1.69,9460000.0,N/A
87,N/A,N/A,dis,N/A,N/A,N/A,N/A,N/A,35.63,18.89,2.96,3.51,15.98,25.33,9.64,18.28,30.97,1.5299e+11,1.6842e+11,14.88,1.35,3.21,10.77,3.21,24100000000.0,10.77,8380000000.0,4.90,7.30,9.10,4270000000.0,2.58,17340000000.0,1.03,26.81,10910000000.0,1.52,7.82,63.30,49790000.0,4.66,2.94,58390000.0,N/A
88,N/A,N/A,disca,N/A,N/A,N/A,N/A,N/A,119.90,15.78,1.80,2.95,16.58,33.55,8.34,16.84,12.35,14790000000.0,18260000000.0,13.16,2.00,2.84,7.35,2.84,4140000000.0,7.35,1060000000.0,1.62,0.40,0.70,406000000.0,0.91,7060000000.0,1.29,8.73,1080000000.0,1.82,1.57,115.20,15890000.0,5.03,10.84,17660000.0,N/A
89,N/A,N/A,dks,N/A,N/A,N/A,N/A,N/A,20.22,11.97,0.55,2.26,4.96,8.15,9.49,21.07,61.72,4150000000.0,4230000000.0,11.08,1.04,0.59,5.48,0.59,2090000000.0,5.48,356930000.0,3.02,4.10,7.60,73800000.0,0.64,348450000.0,1.64,15.22,619090000.0,0.63,1.63,91.00,6930000.0,3.52,7.54,6970000.0,N/A
90,N/A,N/A,dlph,N/A,N/A,N/A,N/A,N/A,112.55,11.92,1.14,8.16,9.66,12.29,11.74,47.42,57.42,18410000000.0,21550000000.0,10.57,1.01,1.30,8.26,1.30,3170000000.0,8.26,1380000000.0,5.51,32.50,3.50,434000000.0,1.55,3120000000.0,1.25,8.25,1880000000.0,0.99,0.48,96.60,4910000.0,2.81,1.69,5030000.0,N/A
91,N/A,N/A,dltr,N/A,N/A,N/A,N/A,N/A,201.43,63.36,1.43,4.36,2.06,8.99,7.06,9.08,58.58,17850000000.0,25290000000.0,20.11,1.98,2.01,16.86,2.01,3030000000.0,16.86,259900000.0,1.20,38.40,136.00,1110000000.0,4.73,8340000000.0,2.14,17.64,487800000.0,0.58,3.53,87.40,12170000.0,4.54,6.15,13370000.0,N/A
92,N/A,N/A,dlx,N/A,N/A,N/A,N/A,N/A,72.40,11.88,1.43,3.50,12.34,20.39,13.32,32.76,35.44,2520000000.0,2980000000.0,10.63,1.42,1.69,7.52,1.69,1070000000.0,7.52,215500000.0,4.31,28.10,6.40,64570000.0,1.31,521330000.00000006,0.51,14.63,294950000.0,1.52,1.23,91.00,5440000.0,17.77,12.50,5360000.0,N/A
93,N/A,N/A,do,N/A,N/A,N/A,N/A,N/A,56.85,30.49,0.89,0.51,2.81,23.30,4.56,1.58,18.16,2130000000.0,4550000000.0,22.87,0.20,1.83,4.17,1.83,2740000000.0,4.17,69940000.0,0.51,159.10,17.70,154750000.0,1.13,2490000000.0,0.95,31.91,776670000.0,1.07,53.34,48.20,13500000.0,5.66,21.01,13260000.0,N/A
94,N/A,N/A,dov,N/A,N/A,N/A,N/A,N/A,75.32,9.47,1.14,2.31,12.39,14.70,7.63,16.86,45.24,8160000000.0,10270000000.0,13.78,3.04,1.42,7.44,1.42,2970000000.0,7.44,631140000.0,5.56,19.70,11.00,662670000.0,4.28,2690000000.0,1.69,23.01,965540000.0,1.31,0.86,92.40,7040000.0,4.21,4.45,7530000.0,N/A
95,N/A,N/A,dow,N/A,N/A,N/A,N/A,N/A,78.14,10.62,0.94,2.40,9.46,11.80,5.47,19.13,45.33,47870000000.0,61130000000.0,11.84,1.63,1.18,7.08,1.18,10700000000.0,7.08,4520000000.0,3.89,46.70,16.40,7360000000.0,6.36,19750000000.0,1.88,17.55,7930000000.0,1.08,0.02,70.00,19330000.0,1.30,1.68,30000000.0,N/A
96,N/A,N/A,dps,N/A,N/A,N/A,N/A,N/A,120.53,23.96,2.74,7.81,11.67,19.70,9.33,31.97,32.49,17040000000.0,19560000000.0,20.84,3.14,3.13,13.57,3.13,3630000000.0,13.57,729000000.0,3.77,7.40,3.00,216000000.0,1.14,2650000000.0,0.77,11.62,976000000.0,0.76,0.30,94.60,7210000.0,5.73,3.76,6980000.0,N/A
97,N/A,N/A,dte,N/A,N/A,N/A,N/A,N/A,107.65,15.17,1.35,1.67,8.66,15.14,3.76,11.09,61.22,14390000000.0,24200000000.0,16.20,3.30,2.22,9.50,2.22,3080000000.0,9.50,945000000.0,5.29,69.90,0.10,67000000.0,0.37,9510000000.0,1.19,49.10,2010000000.0,0.31,0.46,65.10,2420000.0,2.17,1.36,1890000.0,N/A
98,N/A,N/A,duk,N/A,N/A,N/A,N/A,N/A,107.07,20.56,2.16,1.26,10.45,23.34,2.83,5.95,33.35,49160000000.0,91670000000.0,15.26,4.99,3.93,10.20,3.93,9600000000.0,10.20,2400000000.0,3.47,26.80,1.30,1380000000.0,2.00,42690000000.0,0.97,57.90,6820000000.0,0.29,0.07,56.10,8140000.000000001,2.42,1.15,8980000.0,N/A
99,N/A,N/A,dva,N/A,N/A,N/A,N/A,N/A,151.04,29.46,1.02,2.78,3.57,13.69,6.28,10.72,63.71,13800000000.0,21090000000.0,16.07,1.41,1.56,8.48,1.56,3680000000.0,8.48,483750000.0,2.22,17.20,8.50,1970000000.0,9.34,9200000000.0,1.97,23.65,1050000000.0,0.69,1.49,85.70,2600000.0,1.40,1.50,2870000.0,N/A
100,N/A,N/A,ebay,N/A,N/A,N/A,N/A,N/A,114.59,14.04,1.75,4.77,12.83,19.21,6.77,23.30,14.54,31000000000.0,33080000000.0,13.11,2.01,1.87,6.77,1.87,12170000000.0,6.77,3060000000.0,1.84,19.90,2.40,5300000000.0,4.42,7440000000.0,1.87,5.40,4630000000.0,1.12,7.31,82.90,22690000.0,2.43,2.04,24680000.0,N/A
101,N/A,N/A,ecl,N/A,N/A,N/A,N/A,N/A,98.83,27.45,2.19,4.46,8.17,14.88,6.66,15.57,46.45,30250000000.0,36810000000.0,21.57,1.93,2.67,12.60,2.67,6600000000.0,12.60,1130000000.0,3.73,29.40,6.70,184800000.0,0.63,6760000000.0,1.31,22.97,2070000000.0,1.04,9.89,79.20,6580000.0,6.07,2.50,5820000.0,N/A
102,N/A,N/A,ed,N/A,N/A,N/A,N/A,N/A,103.01,18.30,1.60,1.55,8.67,17.97,3.33,8.53,43.27,20010000000.0,33600000000.0,16.77,5.84,2.65,9.90,2.65,5110000000.0,9.90,1100000000.0,3.73,1.80,1.60,91000000.0,0.31,13440000000.0,0.79,44.49,3280000000.0,0.13,0.17,54.50,12010000.0,6.67,4.10,14430000.0,N/A
103,N/A,N/A,efx,N/A,N/A,N/A,N/A,N/A,58.77,29.72,4.69,5.51,15.84,27.11,9.61,18.14,22.03,12050000000.0,13530000000.0,20.58,2.09,5.16,14.83,5.16,1590000000.0,14.83,415200000.0,3.42,27.20,8.80,108500000.0,0.92,1330000000.0,0.84,18.83,739600000.0,0.94,0.81,89.00,3080000.0,4.71,2.90,2640000.0,N/A
104,N/A,N/A,eix,N/A,N/A,N/A,N/A,N/A,91.01,12.79,1.59,1.69,12.35,18.74,2.86,10.79,37.72,19230000000.0,32770000000.0,15.65,31.18,2.67,8.10,2.67,4670000000.0,8.10,1440000000.0,4.61,12.30,13.60,134000000.0,0.41,12410000000.0,0.72,35.60,4050000000.0,0.31,0.21,83.30,3150000.0,1.47,0.97,3840000.0,N/A
105,N/A,N/A,el,N/A,N/A,N/A,N/A,N/A,59.00,27.19,2.82,8.91,10.65,15.40,13.14,32.21,29.14,30620000000.0,31950000000.0,22.97,2.09,2.91,15.22,2.91,8680000000.0,15.22,1170000000.0,3.05,35.60,7.70,1090000000.0,2.95,2069999999.9999998,1.79,9.42,1820000000.0,0.83,1.45,95.10,9780000.0,5.47,5.00,9180000.0,N/A
106,N/A,N/A,emc,N/A,N/A,N/A,N/A,N/A,33.91,20.26,1.91,2.31,9.56,15.24,5.21,11.04,12.61,46750000000.0,47010000000.0,12.43,1.35,1.90,9.03,1.90,15250000000.0,9.03,2360000000.0,1.19,18.20,0.80,7640000000.0,3.94,7440000000.0,1.12,10.54,5750000000.0,1.03,0.46,84.00,10560000.0,0.97,0.54,11860000.0,N/A
107,N/A,N/A,emn,N/A,N/A,N/A,N/A,N/A,184.88,12.31,0.93,2.35,7.57,17.77,7.75,18.80,65.76,9030000000.0,16100000000.0,8.01,1.23,1.65,7.06,1.65,2220000000.0,7.06,740000000.0,4.94,21.90,1.40,309000000.0,2.08,7310000000.0,1.77,26.09,1510000000.0,1.43,0.68,85.50,3340000.0,3.00,2.25,2810000.0,N/A
108,N/A,N/A,emr,N/A,N/A,N/A,N/A,N/A,84.18,10.69,1.27,3.49,12.15,15.89,9.57,29.88,33.13,27770000000.0,31930000000.0,12.69,2.52,1.43,7.49,1.43,9050000000.0,7.49,2710000000.0,3.99,58.00,14.60,3150000000.0,4.82,6840000000.0,1.29,12.35,2530000000.0,1.17,0.62,72.90,23730000.0,4.60,3.67,25370000.0,N/A
109,N/A,N/A,eqr,N/A,N/A,N/A,N/A,N/A,96.23,31.79,10.66,2.76,32.64,35.93,2.64,8.23,7.46,27830000000.0,39810000000.0,23.51,5.38,14.71,22.70,14.71,1730000000.0,22.70,876560000.0,2.40,11.30,4.90,47120000.0,0.13,10800000000.0,0.31,28.67,1370000000.0,0.10,1.74,98.10,3190000.0,1.91,0.98,3280000.0,N/A
110,N/A,N/A,esrx,N/A,N/A,N/A,N/A,N/A,94.81,22.31,0.48,2.96,2.24,4.76,5.75,12.58,145.08,48490000000.0,64200000000.0,11.62,0.99,0.63,9.27,0.63,7930000000.0,9.27,2280000000.0,3.21,13.60,2.20,438200000.0,0.65,15690000000.0,0.64,24.46,4900000000.0,0.69,0.25,98.10,28970000.0,7.92,3.99,31430000.0,N/A
111,N/A,N/A,etn,N/A,N/A,N/A,N/A,N/A,56.26,10.98,1.04,1.45,9.49,11.53,4.64,12.68,45.69,21990000000.0,30360000000.0,11.10,2.18,1.42,8.94,1.42,6910000000.0,8.94,2030000000.0,4.33,25.90,9.20,568000000.0,1.23,8670000000.0,1.49,33.20,2570000000.0,1.51,0.30,76.50,6440000.0,1.63,1.38,6520000.0,N/A
112,N/A,N/A,ew,N/A,N/A,N/A,N/A,N/A,24.98,35.74,6.59,6.63,18.99,25.39,10.72,20.76,11.34,16280000000.0,15430000000.0,31.45,2.13,6.32,22.38,6.32,1700000000.0,22.38,463400000.0,2.11,24.80,1.30,1250000000.0,5.80,604900000.0,4.03,11.24,539100000.0,0.53,0.78,86.90,3200000.0,1.96,1.49,2250000.0,N/A
113,N/A,N/A,exc,N/A,N/A,N/A,N/A,N/A,98.07,11.89,0.85,0.99,6.59,14.96,3.11,7.85,34.32,24630000000.0,44910000000.0,10.63,2.83,1.50,5.44,1.50,5860000000.0,5.44,1980000000.0,2.25,36.70,7.10,7260000000.0,7.90,26760000000.0,2.15,28.02,6490000000.0,0.22,0.22,84.80,21250000.0,2.79,2.47,18580000.0,N/A
114,N/A,N/A,expe,N/A,N/A,N/A,N/A,N/A,80.54,16.67,2.16,5.60,13.32,7.45,2.70,28.30,49.25,15970000000.0,14660000000.0,18.11,1.44,2.32,20.86,2.32,4580000000.0,20.86,842970000.0,6.37,10.20,13.20,1490000000.0,11.48,2480000000.0,0.53,18.81,1340000000.0,0.95,14.45,90.50,10220000.0,4.31,10.37,14940000.0,N/A
115,N/A,N/A,expr,N/A,N/A,N/A,N/A,N/A,11.53,13.77,0.60,2.27,4.42,8.51,9.93,18.28,27.38,1360000000.0,1350000000.0,10.53,1.14,0.59,5.03,0.59,660950000.0,5.03,102190000.0,1.21,80.40,9.80,91210000.0,1.08,69900000.0,1.60,7.20,214200000.0,1.18,12.83,90.70,8560000.0,3.76,10.52,8480000.0,N/A
116,N/A,N/A,f,N/A,N/A,N/A,N/A,N/A,458.43,9.96,0.33,1.73,3.29,4.09,1.73,17.64,36.74,47230000000.0,1.5167e+11,6.13,0.41,1.05,11.44,1.05,17860000000.0,11.44,4770000000.0,1.20,128.60,9.20,22180000000.0,5.59,126420000000.0,1.79,6.92,16250000000.0,1.18,0.31,60.00,89130000.0,3.33,2.54,82450000.0,N/A
117,N/A,N/A,fast,N/A,N/A,N/A,N/A,N/A,20.26,20.64,2.75,5.91,13.35,21.38,21.14,27.79,13.28,10580000000.0,10880000000.0,18.64,1.90,2.81,11.91,2.81,1900000000.0,11.91,516360000.0,1.77,5.50,0.40,129020000.0,0.45,365000000.0,4.46,6.22,546940000.0,1.06,4.71,87.80,40910000.0,16.71,13.93,40980000.0,N/A
118,N/A,N/A,fb,N/A,N/A,N/A,N/A,N/A,0.30,94.73,16.90,6.47,17.74,30.24,8.53,9.03,5.72,2.6682e+11,2.5369e+11,32.76,1.43,15.92,38.12,15.92,10310000000.0,38.12,2810000000.0,1.00,11.20,40.50,15830000000.0,5.60,126000000.0,10.68,14.72,7360000000.0,0.93,4.04,68.60,21420000.0,1.07,0.99,27450000.0,N/A
119,N/A,N/A,fdx,N/A,N/A,N/A,N/A,N/A,56.67,31.58,0.72,2.34,2.30,9.60,8.16,7.31,172.51,33950000000.0,39910000000.0,10.26,0.93,0.82,5.49,0.82,30470000000.0,5.49,1120000000.0,3.90,4.20,4.30,3650000000.0,13.23,8500000000.0,1.87,54.39,5670000000.0,1.22,7.19,76.90,43.00,1.82,1.66,4360000.0,N/A
120,N/A,N/A,fe,N/A,N/A,N/A,N/A,N/A,175.59,26.46,0.94,1.09,3.42,12.03,2.11,3.93,34.46,13170000000.0,35830000000.0,10.92,12.66,2.46,11.10,2.46,8050000000.0,11.10,498000000.0,1.18,18.60,6.10,86000000.0,0.20,22170000000.0,0.65,29.85,3290000000.0,0.26,16.18,61.30,5800000.0,1.26,1.54,7370000.0,N/A
121,N/A,N/A,fis,N/A,N/A,N/A,N/A,N/A,75.26,22.95,2.58,2.54,11.26,20.55,5.80,11.47,22.75,18890000000.0,21090000000.0,15.08,1.46,3.29,12.71,3.29,2080000000.0,12.71,735700000.0,2.52,16.40,1.70,441500000.0,1.57,4970000000.0,1.56,23.14,1180000000.0,0.79,1.01,84.50,2140000.0,0.91,0.76,1830000.0,N/A
122,N/A,N/A,fisv,N/A,N/A,N/A,N/A,N/A,147.61,30.46,3.91,7.12,13.53,24.97,8.63,22.24,21.88,20330000000.0,24280000000.0,20.54,1.79,4.67,15.13,4.67,2180000000.0,15.13,704000000.0,2.92,8.80,4.00,309000000.0,1.35,4240000000.0,1.09,12.50,1300000000.0,0.83,0.30,91.60,3000000.0,2.28,1.47,3520000.0,N/A
123,N/A,N/A,fl,N/A,N/A,N/A,N/A,N/A,5.14,16.71,1.18,3.42,7.23,12.49,15.62,20.55,52.17,8540000000.0,7890000000.0,13.10,1.12,1.08,7.47,1.08,2370000000.0,7.47,529000000.0,3.72,33.30,3.60,878000000.0,6.40,131000000.0,3.77,18.38,687000000.0,0.67,1.12,99.80,20830000.0,9.07,15.07,18490000.0,N/A
124,N/A,N/A,flir,N/A,N/A,N/A,N/A,N/A,22.32,17.63,2.69,2.57,15.72,19.42,8.01,15.05,11.10,4170000000.0,4010000000.0,17.34,1.33,2.58,11.42,2.58,750370000.0,11.42,244230000.0,1.71,38.20,1.70,525380000.0,3.80,362680000.0,4.29,11.76,260320000.0,0.60,6.05,86.60,1860000.0,2.16,1.51,2190000.0,N/A
125,N/A,N/A,flr,N/A,N/A,N/A,N/A,N/A,31.26,9.09,0.30,1.91,3.53,5.35,8.20,21.73,129.67,5820000000.0,4800000000.0,11.05,1.78,0.25,3.94,0.25,1400000000.0,3.94,688980000.0,4.52,146.40,19.40,2030000000.0,14.32,992690000.0,1.83,21.53,805650000.0,1.38,0.28,85.40,9500000.0,5.91,7.43,8720000.0,N/A
126,N/A,N/A,fls,N/A,N/A,N/A,N/A,N/A,98.69,13.50,1.00,2.73,7.63,14.91,8.72,19.92,34.62,4650000000.0,6080000000.0,11.80,1.76,1.31,7.40,1.31,1710000000.0,7.40,355330000.0,2.63,27.20,8.90,238010000.0,1.82,1680000000.0,2.02,12.96,572150000.0,1.65,0.39,96.70,6780000.0,6.53,5.78,6440000.0,N/A
127,N/A,N/A,fosl,N/A,N/A,N/A,N/A,N/A,91.72,4.97,0.42,1.60,9.22,14.00,12.86,34.01,66.61,1470000000.0,1900000000.0,8.60,1.34,0.58,3.47,0.58,2000000000.0,3.47,304380000.0,6.13,44.50,13.80,301570000.0,6.27,810510000.0,3.61,18.08,324460000.0,1.03,31.56,89.40,8970000.0,6.84,20.72,7500000.0,N/A
128,N/A,N/A,fslr,N/A,N/A,N/A,N/A,N/A,5.73,10.81,1.70,1.15,15.82,16.08,5.43,11.33,36.24,6180000000.0,4700000000.0,14.91,2.36,1.29,5.58,1.29,827100000.0,5.58,576560000.0,5.67,288.90,42.80,1810000000.0,17.93,308550000.0,3.63,53.40,513980000.0,2.68,26.64,57.20,4960000.0,1.80,6.85,5520000.0,N/A
129,N/A,N/A,fti,N/A,N/A,N/A,N/A,N/A,51.30,10.91,0.77,2.17,7.14,12.54,8.09,19.59,30.52,5380000000.0,6030000000.0,15.51,0.64,0.85,5.33,0.85,1940000000.0,5.33,506100000.0,2.16,51.70,21.80,711500000.0,3.12,1290000000.0,1.77,10.98,911300000.0,0.87,7.32,88.60,11810000.0,3.84,6.39,12040000.0,N/A
130,N/A,N/A,gd,N/A,N/A,N/A,N/A,N/A,31.80,14.17,1.26,3.76,9.06,13.05,7.65,24.75,98.38,39260000000.0,40380000000.0,13.04,1.39,1.26,8.66,1.26,5870000000.0,8.66,2940000000.0,8.77,5.30,3.10,3370000000.0,10.65,3410000000.0,1.16,33.90,2080000000.0,0.80,0.52,88.50,43.00,1.28,0.69,1870000.0,N/A
131,N/A,N/A,ges,N/A,N/A,N/A,N/A,N/A,0.65,16.85,0.64,1.44,3.92,6.41,5.66,8.47,26.49,1460000000.0,1050000000.0,15.95,2.41,0.47,4.78,0.47,867880000.0,4.78,87390000.0,1.03,40.10,11.70,402390000.0,4.80,6640000.0,3.21,11.96,223440000.0,0.69,30.45,89.90,10730000.0,10.95,26.46,9710000.0,N/A
132,N/A,N/A,gild,N/A,N/A,N/A,N/A,N/A,123.83,8.31,4.12,7.48,53.78,67.86,33.56,106.05,21.23,1.305e+11,1.3607e+11,7.51,0.52,4.33,6.06,4.33,21100000000.0,6.06,16910000000.0,10.89,68.40,37.30,15710000000.0,10.90,22220000000.0,2.77,12.02,18480000000.0,1.16,0.60,83.40,23730000.0,2.80,1.61,25250000.0,N/A
133,N/A,N/A,gis,N/A,N/A,N/A,N/A,N/A,147.49,22.56,1.90,6.85,8.60,16.95,8.00,23.55,28.81,32370000000.0,41060000000.0,17.77,3.45,2.38,11.84,2.38,5950000000.0,11.84,1490000000.0,2.42,53.00,6.10,649800000.0,1.10,8820000000.0,0.82,8.09,2840000000.0,0.68,0.32,71.70,10900000.0,3.05,1.82,11070000.0,N/A
134,N/A,N/A,glw,N/A,N/A,N/A,N/A,N/A,20.01,10.91,2.14,1.12,22.65,18.47,3.65,10.03,7.43,19740000000.0,18830000000.0,11.51,7.64,2.03,6.50,2.03,4050000000.0,6.50,2010000000.0,1.53,79.10,10.60,5010000000.0,4.24,4019999999.9999995,4.71,14.95,2960000000.0,1.32,0.19,80.20,55030000.0,4.65,4.35,63560000.0,N/A
135,N/A,N/A,gm,N/A,N/A,N/A,N/A,N/A,163.38,10.79,0.30,1.36,3.55,4.47,2.33,13.72,95.19,45380000000.0,81290000000.0,5.37,0.28,0.53,6.05,0.53,13810000000.0,6.05,4530000000.0,2.73,7.60,1.00,21860000000.0,14.05,57400000000.0,1.13,21.65,12630000000.0,1.46,4.66,76.50,27610000.0,2.51,1.72,36330000.0,N/A
136,N/A,N/A,gmcr,N/A,N/A,N/A,N/A,N/A,16.64,28.59,2.96,5.08,11.02,17.70,11.36,16.12,28.74,13400000000.0,13770000000.0,24.80,1.99,3.05,12.92,3.05,1610000000.0,12.92,498270000.0,3.14,32.90,13.30,59330000.0,0.40,451500000.0,2.52,17.68,754860000.0,0.93,25.34,67.60,8029999.999999999,1.30,17.42,11540000.0,N/A
137,N/A,N/A,gme,N/A,N/A,N/A,N/A,N/A,18.07,6.80,0.29,1.38,4.29,7.18,8.83,20.21,87.04,2640000000.0,2830000000.0,6.24,0.69,0.30,3.45,0.30,2780000000.0,3.45,399100000.0,3.71,0.90,3.60,186200000.0,1.78,350900000.0,1.05,18.51,632000000.0,1.22,1.88,136.40,46900000.0,15.96,52.88,48090000.0,N/A
138,N/A,N/A,gpc,N/A,N/A,N/A,N/A,N/A,19.71,17.04,0.77,3.74,4.60,7.34,8.55,21.26,101.27,11920000000.0,12230000000.0,16.13,3.63,0.79,9.58,0.79,4590000000.0,9.58,709960000.0,4.64,1.30,1.60,199290000.0,1.32,625000000.0,1.49,20.95,1100000000.0,1.18,2.72,73.70,4610000.0,7.77,3.10,4510000.0,N/A
139,N/A,N/A,gt,N/A,N/A,N/A,N/A,N/A,121.16,2.72,0.44,1.79,16.83,10.06,6.16,75.22,61.76,7510000000.0,11720000000.0,7.47,0.81,0.70,4.92,0.70,4230000000.0,4.92,2820000000.0,10.26,68.30,10.20,1690000000.0,6.29,6000000000.0,1.66,15.41,1910000000.0,2.26,0.27,88.80,15250000.0,5.56,5.78,13290000.0,N/A
140,N/A,N/A,gtn,N/A,N/A,N/A,N/A,N/A,296.18,15.44,1.55,2.26,9.17,30.31,5.70,18.17,9.34,961940000.0,2100000000.0,7.41,3.78,3.46,9.08,3.46,222140000.0,9.08,55570000.0,0.85,52.60,14.70,81170000.0,1.13,1240000000.0,2.49,5.82,128530000.0,3.59,5.84,84.50,1980000.0,3.08,4.70,1950000.0,N/A
141,N/A,N/A,gww,N/A,N/A,N/A,N/A,N/A,74.13,16.09,1.17,4.96,7.72,14.04,15.77,26.58,150.21,11480000000.0,13270000000.0,15.72,3.75,1.33,8.33,1.33,4310000000.0,8.33,764830000.0,11.36,16.60,1.10,258150000.0,4.11,1810000000.0,2.00,37.61,1030000000.0,0.71,13.10,86.30,10500000.0,14.44,17.16,9990000.0,N/A
142,N/A,N/A,har,N/A,N/A,N/A,N/A,N/A,44.65,15.52,0.85,2.29,5.46,8.73,7.03,16.44,89.75,5360000000.0,6030000000.0,9.82,0.80,0.95,8.17,0.95,1820000000.0,8.17,346810000.0,4.86,5.00,14.10,410860000.0,5.78,1060000000.0,1.38,33.11,386600000.0,0.71,0.56,101.10,2780000.0,3.96,4.38,2870000.0,N/A
143,N/A,N/A,has,N/A,N/A,N/A,N/A,N/A,105.67,19.83,2.05,5.69,10.42,15.49,9.12,28.23,34.19,8690000000.0,9880000000.0,17.70,1.93,2.31,12.02,2.31,2580000000.0,12.02,445990000.0,3.52,15.00,0.10,574130000.0,4.61,1670000000.0,2.65,12.37,497140000.0,1.23,10.03,87.60,10040000.0,6.43,10.22,8700000.0,N/A
144,N/A,N/A,hcn,N/A,N/A,N/A,N/A,N/A,74.94,25.28,6.61,1.75,25.90,28.27,2.47,6.55,10.61,22830000000.0,35490000000.0,13.96,2.93,9.78,19.36,9.78,1900000000.0,19.36,874050000.0,2.55,30.00,14.10,292040000.0,0.83,11470000000.0,2.02,38.64,1320000000.0,0.02,0.31,92.60,10720000.0,4.45,3.58,10700000.0,N/A
145,N/A,N/A,hcp,N/A,N/A,N/A,N/A,N/A,106.62,70.08,6.86,1.67,9.53,52.70,3.81,2.31,5.38,16260000000.0,28320000000.0,11.00,3.61,11.42,15.80,11.42,2190000000.0,15.80,234760000.0,0.50,53.40,10.30,120500000.0,0.26,11150000000.0,16.99,21.89,1230000000.0,0.03,0.20,89.70,17160000.0,4.48,4.28,16469999.999999998,N/A
146,N/A,N/A,hd,N/A,N/A,N/A,N/A,N/A,273.82,21.85,1.75,19.93,7.98,13.05,16.51,78.03,67.21,1.4766e+11,1.6966e+11,18.84,1.56,1.96,12.91,1.96,28950000000.0,12.91,6920000000.0,5.33,12.20,6.40,3040000000.0,2.40,20860000000.0,1.17,6.01,9360000000.0,0.96,0.15,73.40,13940000.0,2.98,1.08,18490000.0,N/A
147,N/A,N/A,hig,N/A,N/A,N/A,N/A,N/A,32.09,9.96,0.87,0.88,8.92,12.22,0.59,8.62,43.72,15510000000.0,17670000000.0,9.54,1.39,0.96,6.75,0.96,7810000000.0,6.75,1600000000.0,3.80,1.80,4.20,4190000000.0,10.22,5840000000.0,3.78,44.26,2990000000.0,1.06,0.18,92.50,4640000.0,1.85,1.10,4520000.0,N/A
148,N/A,N/A,hog,N/A,N/A,N/A,N/A,N/A,270.98,10.67,1.38,3.23,13.04,19.79,7.17,26.85,28.82,7660000000.0,14200000000.0,9.78,1.07,2.36,10.29,2.36,2440000000.0,10.29,784490000.0,3.74,6.50,1.20,1010000000.0,4.96,6940000000.0,1.73,12.57,1200000000.0,0.70,0.50,82.60,21610000.0,9.73,10.29,23530000.0,N/A
149,N/A,N/A,hon,N/A,N/A,N/A,N/A,N/A,58.17,16.86,1.93,4.22,11.66,16.30,8.53,24.68,49.65,74170000000.0,75250000000.0,14.63,1.71,1.94,10.42,1.94,11350000000.0,10.42,4530000000.0,5.71,8.30,4.90,10330000000.0,13.41,10570000000.0,1.44,23.04,5260000000.0,0.98,0.17,78.60,4560000.0,1.38,0.64,4620000.0,N/A
150,N/A,N/A,hot,N/A,N/A,N/A,N/A,N/A,188.28,18.43,3.22,8.01,17.93,27.45,6.42,33.37,18.20,10120000000.0,11290000000.0,18.18,2.26,3.63,10.29,3.63,4280000000.0,10.29,568000000.0,3.26,19.30,7.30,1070000000.0,6.31,2360000000.0,0.96,7.39,992000000.0,1.85,6.38,87.70,3000000.0,1.21,1.76,1820000.0,N/A
151,N/A,N/A,hrl,N/A,N/A,N/A,N/A,N/A,10.87,29.75,2.19,5.08,7.41,11.71,11.69,18.05,35.08,19970000000.0,20410000000.0,24.14,1.73,2.20,16.76,2.20,1810000000.0,16.76,686090000.0,2.54,9.30,5.60,347240000.0,1.31,435000000.0,1.70,15.13,991990000.0,0.89,48.89,33.70,7580000.0,5.25,5.64,8119999.999999999,N/A
152,N/A,N/A,hrs,N/A,N/A,N/A,N/A,N/A,146.72,26.30,1.83,3.02,6.22,16.83,6.94,13.58,51.97,10400000000.0,15250000000.0,13.46,7.71,2.66,12.38,2.66,1720000000.0,12.38,357000000.0,3.18,18.40,56.80,320000000.0,2.57,5080000000.0,1.63,27.88,838000000.0,1.24,0.30,85.20,3250000.0,3.41,2.64,2470000.0,N/A
153,N/A,N/A,hst,N/A,N/A,N/A,N/A,N/A,59.95,14.88,1.79,1.36,12.04,12.49,3.49,9.03,7.16,9640000000.0,13750000000.0,7.82,2.59,2.55,9.92,2.55,3320000000.0,9.92,649000000.0,0.86,41.00,0.10,265000000.0,0.35,4280000000.0000005,1.75,9.43,1200000000.0,1.18,1.72,103.10,42320000.0,5.13,7.51,43450000.0,N/A
154,N/A,N/A,hum,N/A,N/A,N/A,N/A,N/A,39.88,18.93,0.46,2.35,2.48,4.56,6.24,12.89,354.70,24420000000.0,19420000000.0,18.85,1.76,0.37,7.20,0.37,10330000000.0,7.20,1320000000.0,8.70,8.30,9.20,9020000000.0,60.85,4130000000.0,2.04,69.85,724000000.0,0.83,0.22,96.30,2200000.0,2.61,1.47,2330000.0,N/A
155,N/A,N/A,ibm,N/A,N/A,N/A,N/A,N/A,294.85,8.48,1.48,9.35,16.96,20.88,9.61,103.55,85.16,1.1822e+11,1.5437e+11,7.68,1.18,1.84,7.21,1.84,46410000000.0,7.21,14420000000.0,14.37,288.90,13.90,9570000000.0,9.86,39660000000.0,1.25,13.70,17790000000.0,0.63,0.05,59.90,21590000.0,4.86,2.19,23350000.0,N/A
156,N/A,N/A,ice,N/A,N/A,N/A,N/A,N/A,28.20,22.85,8.78,2.22,36.53,55.07,1.69,9.65,29.40,28830000000.0,31440000000.0,17.11,1.16,9.64,14.84,9.64,4120000000.0,14.84,1190000000.0,10.63,48.50,9.50,708000000.0,6.15,3500000000.0,0.99,112.18,1430000000.0,0.94,1.55,90.00,1350000.0,1.43,1.23,1240000.0,N/A
157,N/A,N/A,iff,N/A,N/A,N/A,N/A,N/A,74.92,21.13,2.97,5.73,14.04,19.71,10.22,26.56,37.99,8970000000.0,10030000000.0,19.68,2.87,3.27,14.87,3.27,1360000000.0,14.87,428110000.0,5.29,0.90,1.10,276680000.0,3.45,1200000000.0,2.38,19.81,495580000.0,1.22,1.59,84.20,3240000.0,7.56,4.09,3430000.0,N/A
158,N/A,N/A,ip,N/A,N/A,N/A,N/A,N/A,356.06,16.76,0.65,3.40,3.91,10.71,4.99,15.31,54.53,14630000000.0,24740000000.0,9.21,0.79,1.08,6.55,1.08,7360000000.0,6.55,903000000.0,2.11,38.00,5.90,5950000000.0,14.35,15920000000.0,1.34,10.49,2730000000.0,1.43,0.66,86.70,6900000.0,2.11,1.75,6750000.0,N/A
159,N/A,N/A,ipg,N/A,N/A,N/A,N/A,N/A,82.70,17.42,1.16,4.73,6.60,11.12,4.56,23.56,18.56,8570000000.0,10210000000.0,15.98,2.08,1.34,10.15,1.34,7540000000.0,10.15,503200000.0,1.21,16.50,1.30,881200000.0,2.17,1750000000.0,1.01,4.59,794800000.0,1.69,0.56,97.40,10500000.0,3.42,2.55,10860000.0,N/A
160,N/A,N/A,ir,N/A,N/A,N/A,N/A,N/A,78.87,19.15,1.00,2.30,5.20,11.03,5.25,11.29,49.74,12770000000.0,17120000000.0,12.23,1.66,1.30,9.68,1.30,3910000000.0,9.68,666700000.0,2.55,3.30,3.00,651500000.0,2.50,4570000000.0,1.22,21.96,728600000.0,1.43,0.32,86.30,1660000.0,0.83,0.63,1840000.0,N/A
161,N/A,N/A,irm,N/A,N/A,N/A,N/A,N/A,834.86,40.00,1.73,8.63,4.30,17.88,5.09,24.27,14.53,5190000000.0,9920000000.0,11.11,1.21,3.27,11.00,3.27,1770000000.0,11.00,129560000.0,0.61,915.20,4.60,492900000.0,2.33,5170000000.0,1.35,2.88,491190000.0,1.00,4.63,101.40,18810000.0,13.96,11.96,19070000.0,N/A
162,N/A,N/A,itw,N/A,N/A,N/A,N/A,N/A,153.48,16.12,2.18,5.84,13.93,21.09,10.23,29.63,36.50,29570000000.0,34500000000.0,14.92,2.08,2.53,10.30,2.53,5810000000.0,10.30,1910000000.0,5.05,3.80,9.20,3000000000.0,8.26,7810000000.0,2.56,13.99,2050000000.0,1.10,0.98,77.40,7220000.0,4.59,2.45,8240000.0,N/A
163,N/A,N/A,ivz,N/A,N/A,N/A,N/A,N/A,81.47,11.77,2.37,1.51,20.08,27.01,3.87,10.87,11.93,11960000000.0,17170000000.0,10.77,1.51,3.33,11.56,3.33,5150000000.0,11.56,1040000000.0,2.40,2.60,2.90,2410000000.0,5.68,7360000000.0,6.77,19.09,738600000.0,1.50,1.32,85.60,4870000.0,1.32,1.15,3500000.0,N/A
164,N/A,N/A,jbl,N/A,N/A,N/A,N/A,N/A,90.23,10.61,0.19,1.51,1.85,3.49,4.24,15.16,96.20,3550000000.0,4650000000.0,6.51,0.60,0.25,3.82,0.25,1500000000.0,3.82,351560000.0,1.76,82.80,14.50,1130000000.0,5.93,2170000000.0,1.09,12.50,1200000000.0,0.46,8.71,99.00,12150000.0,4.30,6.55,11310000.0,N/A
165,N/A,N/A,jci,N/A,N/A,N/A,N/A,N/A,61.49,14.65,0.60,2.17,4.20,5.99,4.45,13.78,56.75,22470000000.0,28500000000.0,8.20,0.85,0.77,9.23,0.77,6450000000.0,9.23,1440000000.0,2.37,12.90,12.10,603000000.0,0.93,6610000000.0,1.06,16.03,1600000000.0,1.67,0.28,80.30,7230000.0,1.93,1.12,7430000.0,N/A
166,N/A,N/A,jec,N/A,N/A,N/A,N/A,N/A,13.72,15.32,0.37,1.05,2.50,3.68,3.43,7.42,96.91,4530000000.0,4600000000.0,10.75,1.72,0.38,7.76,0.38,1970000000.0,7.76,302970000.0,2.40,65.30,3.20,460860000.0,3.76,597800000.0,1.66,34.85,484570000.0,1.49,2.12,94.10,3620000.0,3.56,3.00,3890000.0,N/A
167,N/A,N/A,jnj,N/A,N/A,N/A,N/A,N/A,27.86,18.37,3.83,3.77,20.87,26.73,8.88,19.87,25.37,2.6493e+11,2.5241e+11,14.96,3.34,3.58,11.19,3.58,51580000000.0,11.19,14720000000.0,5.21,29.30,7.40,37310000000.0,13.48,19940000000.0,2.51,25.86,18560000000.0,0.99,0.02,67.30,28570000.0,3.84,1.03,28510000.0,N/A
168,N/A,N/A,jwn,N/A,N/A,N/A,N/A,N/A,199.50,13.21,0.59,6.08,4.72,8.65,8.65,36.67,75.46,8480000000.0,10470000000.0,12.81,2.81,0.73,5.84,0.73,5100000000.0,5.84,675000000.0,3.49,43.00,6.00,821000000.0,4.47,2810000000.0,1.22,7.59,2450000000.0,0.85,26.42,56.60,26000000.0,6.75,18.58,20580000.0,N/A
169,N/A,N/A,k,N/A,N/A,N/A,N/A,N/A,297.38,69.20,1.82,9.47,2.61,7.94,4.41,11.80,39.23,24840000000.0,32900000000.0,19.05,4.75,2.37,20.32,2.37,5060000000.0,20.32,362000000.0,1.01,8.50,8.50,299000000.0,0.84,7950000000.0,0.66,7.52,1560000000.0,0.62,0.25,82.60,8070000.0,4.60,3.20,8050000.000000001,N/A
170,N/A,N/A,kim,N/A,N/A,N/A,N/A,N/A,106.14,20.56,9.37,2.16,50.08,34.46,2.25,11.79,2.76,10480000000.0,15950000000.0,16.35,3.35,14.07,22.09,14.07,735280000.0,22.09,530540000.0,1.23,60.20,13.00,180910000.0,0.44,5500000000.0,3.33,11.93,636620000.0,0.73,2.70,90.30,10260000.0,3.02,3.06,9280000.0,N/A
171,N/A,N/A,kmb,N/A,N/A,N/A,N/A,N/A,774.28,76.73,2.42,844.83,3.16,18.24,12.74,27.94,51.60,44900000000.0,52710000000.0,20.08,2.76,2.79,12.50,2.79,6680000000.0,12.50,612000000.0,1.61,8.00,6.70,643000000.0,1.77,7660000000.0,0.88,0.15,2230000000.0,0.85,0.34,69.10,5160000.0,2.90,1.42,4520000.0,N/A
172,N/A,N/A,kmi,N/A,N/A,N/A,N/A,N/A,124.63,22.79,1.90,0.79,7.30,28.43,3.21,4.67,7.38,26800000000.0,72340000000.0,16.23,4.73,4.92,11.25,4.92,7790000000.0,11.25,1060000000.0,0.53,43.50,13.60,332000000.0,0.15,44670000000.0,0.50,15.94,4480000000.0,0.99,13.70,56.50,52390000.0,0.79,2.97,52900000.0,N/A
173,N/A,N/A,kmx,N/A,N/A,N/A,N/A,N/A,364.26,15.02,0.56,2.92,4.18,7.00,4.81,20.53,72.34,8790000000.0,18990000000.0,13.16,0.96,1.27,16.12,1.27,1890000000.0,16.12,625540000.0,2.99,1.40,4.10,34970000.0,0.18,10610000000.0,2.85,14.74,565090000.0,1.10,0.56,103.90,24440000.0,7.24,13.90,22060000.0,N/A
174,N/A,N/A,ko,N/A,N/A,N/A,N/A,N/A,176.90,26.39,4.04,6.99,15.24,23.09,6.88,23.03,10.36,1.7996e+11,2.0598e+11,20.09,7.39,4.56,16.65,4.56,28110000000.0,16.65,6880000000.0,1.57,31.50,4.60,22800000000.0,5.24,46460000000.0,1.16,6.00,11030000000.0,0.83,0.69,63.20,43.00,2.33,0.78,30670000.0,N/A
175,N/A,N/A,kr,N/A,N/A,N/A,N/A,N/A,180.29,18.73,0.34,5.88,1.84,3.22,7.06,34.64,112.56,36890000000.0,48210000000.0,16.90,1.73,0.44,8.61,0.44,22950000000.0,8.61,1980000000.0,2.02,18.20,0.40,274000000.0,0.28,11260000000.0,0.72,6.49,4540000000.0,1.00,0.78,78.90,22290000.0,2.63,2.29,27790000.0,N/A
176,N/A,N/A,kss,N/A,N/A,N/A,N/A,N/A,93.81,12.13,0.46,1.62,3.90,8.70,6.95,13.23,97.23,8670000000.0,13440000000.0,9.90,1.26,0.70,5.20,0.70,6920000000.0,5.20,746000000.0,3.76,15.50,1.20,501000000.0,2.64,5140000000.0,1.58,28.66,1500000000.0,1.38,0.87,109.60,25640000.0,6.88,12.75,25860000.0,N/A
177,N/A,N/A,ksu,N/A,N/A,N/A,N/A,N/A,56.04,14.62,2.92,1.86,19.70,32.82,6.26,11.97,22.37,7020000000.0,9420000000.0,13.81,2.69,3.83,8.68,3.83,1700000000.0,8.68,485000000.0,4.40,4.70,6.70,116600000.0,1.07,2340000000.0,1.25,35.45,895400000.0,0.91,1.34,92.80,5680000.0,2.70,5.20,5580000.0,N/A
178,N/A,N/A,l,N/A,N/A,N/A,N/A,N/A,44.59,18.98,0.91,0.67,4.92,16.74,1.82,3.57,36.81,12140000000.0,17020000000.0,12.24,2.39,1.25,5.34,1.25,8730000000.0,5.34,676000000.0,1.81,12.50,10.00,6170000000.0,17.42,10770000000.0,0.50,52.52,3090000000.0,0.78,16.39,27.00,4470000.0,3.23,1.43,4150000.0000000005,N/A
179,N/A,N/A,leg,N/A,N/A,N/A,N/A,N/A,90.19,20.35,1.33,4.78,6.76,11.20,8.79,25.11,27.79,5140000000.0,5950000000.0,16.15,1.40,1.52,10.90,1.52,790400000.0,10.90,288600000.0,1.86,97.50,1.20,251200000.0,1.85,992500000.0,1.84,8.01,423000000.0,1.14,12.33,62.20,4880000.0,5.48,3.60,5190000.0,N/A
180,N/A,N/A,lh,N/A,N/A,N/A,N/A,N/A,135.55,23.91,1.43,2.26,5.69,15.41,6.91,11.49,82.22,11100000000.0,17090000000.0,12.46,1.20,2.20,10.91,2.20,2200000000.0,10.91,442200000.0,4.59,11.40,46.30,713000000.0,7.05,6680000000.0,1.47,48.55,811500000.0,0.70,5.66,2.80,3600000.0,4.02,3.59,3540000.0,N/A
181,N/A,N/A,lly,N/A,N/A,N/A,N/A,N/A,53.01,37.25,4.48,5.80,11.97,19.71,6.84,14.33,18.53,87490000000.0,92100000000.0,23.27,1.69,4.67,17.35,4.67,14680000000.0,17.35,2360000000.0,2.22,59.70,1.70,4320000000.0,4.07,8080000000.0,1.51,14.34,3320000000.0,0.18,11.81,65.90,13080000.0,3.24,1.34,13670000.0,N/A
182,N/A,N/A,lm,N/A,N/A,N/A,N/A,N/A,23.37,11.26,1.23,0.77,11.38,18.99,4.88,7.02,25.59,3410000000.0,3380000000.0,10.01,0.57,1.21,5.78,1.21,2760000000.0,5.78,310620000.0,2.81,213.40,4.40,1110000000.0,10.33,1060000000.0,2.96,41.19,588210000.0,1.64,0.69,90.60,4840000.0,4.25,4.40,5660000.0,N/A
183,N/A,N/A,lmt,N/A,N/A,N/A,N/A,N/A,299.04,18.67,1.45,23.52,7.82,11.73,8.76,96.82,146.30,64650000000.0,71270000000.0,17.25,2.57,1.56,11.98,1.56,5260000000.0,11.98,3580000000.0,11.27,2.60,3.10,3300000000.0,10.74,8410000000.0,1.16,9.15,3540000000.0,0.60,0.03,83.90,2270000.0,1.73,0.87,2450000.0,N/A
184,N/A,N/A,lnc,N/A,N/A,N/A,N/A,N/A,43.47,8.12,0.70,0.68,8.71,12.18,0.43,8.17,55.23,9450000000.0,10400000000.0,5.87,1.02,0.74,6.08,0.74,4800000000.0,6.08,1220000000.0,4.71,48.30,9.00,5690000000.0,22.98,6260000000.0,4.82,58.19,2920000000.0,1.75,0.33,84.30,2300000.0,1.24,0.90,2180000.0,N/A
185,N/A,N/A,low,N/A,N/A,N/A,N/A,N/A,150.38,21.60,1.09,7.60,5.11,9.21,9.92,31.24,62.06,62290000000.0,74780000000.0,17.15,1.23,1.28,10.76,1.28,19560000000.0,10.76,2970000000.0,3.15,25.80,5.00,1380000000.0,1.51,12600000000.0,1.02,9.14,4790000000.0,0.97,0.14,77.10,7810000.0,1.97,0.82,7570000.0,N/A
186,N/A,N/A,lrcx,N/A,N/A,N/A,N/A,N/A,44.23,15.28,1.87,1.99,14.07,18.25,7.45,15.67,35.94,11020000000.0,8720000000.0,10.46,0.99,1.53,6.60,1.53,2280000000.0,6.60,803170000.0,4.55,104.60,38.80,4330000000.0,27.35,2370000000.0,2.86,33.89,1090000000.0,1.57,0.41,101.70,19080000.0,10.08,13.85,18930000.0,N/A
187,N/A,N/A,luv,N/A,N/A,N/A,N/A,N/A,39.06,14.46,1.33,3.70,9.51,19.57,11.32,25.49,28.88,25560000000.0,25380000000.0,9.38,0.39,1.32,5.45,1.32,10930000000.0,5.45,1840000000.0,2.72,77.50,7.20,3100000000.0,4.76,2720000000.0,0.65,10.71,3120000000.0,1.30,0.08,77.80,12260000.0,1.96,2.06,13500000.0,N/A
188,N/A,N/A,lyb,N/A,N/A,N/A,N/A,N/A,113.32,7.76,0.92,4.57,12.44,17.10,15.50,51.99,75.42,32510000000.0,38490000000.0,7.21,1.02,1.07,5.40,1.07,6670000000.0,5.40,4470000000.0,9.32,5.80,30.90,3090000000.0,6.87,8330000000.0,2.16,16.18,6700000000.0,1.00,18.58,76.20,8170000.0,2.34,2.11,9710000.0,N/A
189,N/A,N/A,m,N/A,N/A,N/A,N/A,N/A,200.33,10.29,0.44,3.07,4.79,9.48,7.34,28.31,81.96,12490000000.0,19670000000.0,10.54,3.53,0.71,5.36,0.71,11240000000.0,5.36,1320000000.0,3.86,45.60,5.20,474000000.0,1.51,7960000000.0,1.19,12.63,2150000000.0,1.20,0.30,91.90,11930000.0,1.46,3.50,9730000.0,N/A
190,N/A,N/A,ma,N/A,N/A,N/A,N/A,N/A,23.74,26.14,10.09,15.47,38.77,53.47,21.89,57.90,8.41,96320000000.0,93190000000.0,22.05,1.59,9.71,16.99,9.71,9470000000.0,16.99,3720000000.0,3.26,3.70,1.60,5110000000.0,4.55,1500000000.0,1.62,5.57,3730000000.0,1.27,10.55,79.60,7730000.0,2.21,0.78,6550000.0,N/A
191,N/A,N/A,mac,N/A,N/A,N/A,N/A,N/A,117.41,7.85,9.18,2.24,113.49,25.79,1.89,34.41,8.46,11910000000.0,18880000000.0,18.58,3.01,14.26,23.57,14.26,663320000.0,23.57,1500000000.0,9.58,6.50,20.10,93010000.0,0.59,6830000000.0,0.64,34.24,517450000.0,0.86,0.66,102.40,3860000.0,3.46,3.42,4290000.0,N/A
192,N/A,N/A,mat,N/A,N/A,N/A,N/A,N/A,87.89,28.23,1.48,3.28,5.34,9.92,5.22,10.79,16.81,8480000000.0,10410000000.0,18.10,25.69,1.83,12.48,1.83,3000000000.0,12.48,300290000.0,0.89,32.60,11.40,289700000.0,0.85,2260000000.0,2.21,7.58,810540000.0,1.18,0.25,101.80,55030000.0,8.88,16.30,62020000.0,N/A
193,N/A,N/A,mcd,N/A,N/A,N/A,N/A,N/A,216.50,25.07,4.21,12.98,17.24,28.60,13.29,40.31,26.92,1.0631e+11,1.2343e+11,21.52,2.93,4.81,13.86,4.81,10460000000.0,13.86,4420000000.0,4.62,22.50,5.30,2450000000.0,2.67,17990000000.0,1.52,9.05,6660000000.0,0.75,0.05,69.30,10150000.0,1.90,1.06,12870000.0,N/A
194,N/A,N/A,mchp,N/A,N/A,N/A,N/A,N/A,126.23,24.78,3.94,3.98,17.75,21.27,5.49,17.29,10.61,8700000000.0,9160000000.0,14.53,2.28,4.26,12.46,4.26,1230000000.0,12.46,381020000.0,1.73,30.70,0.90,2000000000.0,9.85,2690000000.0,7.48,10.49,694760000.0,0.95,2.38,98.80,18890000.0,9.40,9.58,16489999.999999998,N/A
195,N/A,N/A,mck,N/A,N/A,N/A,N/A,N/A,91.30,22.24,0.21,4.44,0.96,1.77,3.84,20.83,807.38,39120000000.0,43020000000.0,12.35,1.00,0.23,10.21,0.23,11410000000.0,10.21,2090000000.0,7.64,31.60,10.40,5360000000.0,23.29,9390000000.0,1.11,38.19,4200000000.0,0.78,0.29,86.50,2080000.0,1.37,0.90,1880000.0,N/A
196,N/A,N/A,mdlz,N/A,N/A,N/A,N/A,N/A,54.94,7.93,2.12,2.21,27.32,12.57,3.58,27.96,18.97,64630000000.0,80240000000.0,20.23,2.72,2.58,16.60,2.58,12600000000.0,16.60,8500000000.0,5.13,708.20,17.80,2100000000.0,1.33,16460000000.0,0.89,18.77,3820000000.0,1.29,2.90,77.40,12910000.0,1.53,0.81,15090000.0,N/A
197,N/A,N/A,mdt,N/A,N/A,N/A,N/A,N/A,68.72,42.61,4.06,2.01,8.97,21.04,4.72,6.46,19.72,1.0486e+11,1.2356e+11,15.34,2.49,4.79,16.02,4.79,13950000000.0,16.02,2320000000.0,1.75,37.20,61.70,17230000000.0,12.25,35920000000.0,3.54,37.17,5770000000.0,1.37,0.05,83.30,11170000.0,1.96,0.79,12800000.0,N/A
198,N/A,N/A,met,N/A,N/A,N/A,N/A,N/A,91.26,8.18,0.66,0.68,8.34,13.31,0.67,8.43,63.95,46920000000.0,76220000000.0,7.17,1.66,1.06,7.57,1.06,34210000000.0,7.57,5860000000.0,5.16,42.60,4.20,36150000000.0,32.52,64849999999.99999,1.48,63.24,14950000000.0,1.47,15.69,77.50,20020000.0,3.13,2.13,15120000.0,N/A
199,N/A,N/A,mhfi,N/A,N/A,N/A,N/A,N/A,230.45,357.19,4.31,34.24,1.21,38.79,17.56,0.41,19.19,22300000000.0,24570000000.0,16.91,1.50,4.70,11.34,4.70,5050000000.0,11.34,100000000.0,0.23,32.60,4.80,1440000000.0,5.33,3490000000.0,1.13,2.43,94000000.0,1.43,2.94,87.30,3200000.0,2.61,1.21,2920000.0,N/A
200,N/A,N/A,mjn,N/A,N/A,N/A,N/A,N/A,469.35,20.24,3.25,38.83,16.29,23.24,16.33,139.37,20.77,13410000000.0,14130000000.0,19.21,2.46,3.37,13.16,3.37,2710000000.0,13.16,682200000.0,3.36,17.30,10.40,1360000000.0,6.92,1840000000.0,2.04,1.78,837700000.0,1.44,0.21,98.70,15240000.0,9.54,7.54,15980000.0,N/A
201,N/A,N/A,mmc,N/A,N/A,N/A,N/A,N/A,70.69,18.35,2.13,4.36,11.86,18.44,8.26,21.39,23.92,26890000000.0,30360000000.0,15.39,1.55,2.37,10.95,2.37,12950000000.0,10.95,1490000000.0,2.81,8.80,0.80,1330000000.0,2.55,4480000000.0,1.62,11.97,1950000000.0,1.06,0.21,86.00,5680000.0,2.58,1.06,6240000.0,N/A
202,N/A,N/A,mmm,N/A,N/A,N/A,N/A,N/A,92.06,17.70,2.78,6.99,16.20,23.16,13.46,35.04,48.60,84330000000.0,94700000000.0,16.64,2.51,3.09,11.15,3.09,15370000000.0,11.15,4970000000.0,7.74,0.50,5.20,1760000000.0,2.86,11250000000.0,1.65,19.79,6260000000.0,1.20,0.08,68.70,7250000.0,2.60,1.24,6950000.0,N/A
203,N/A,N/A,mo,N/A,N/A,N/A,N/A,N/A,443.11,21.53,6.10,39.62,27.91,45.55,16.15,144.46,9.54,1.1219e+11,1.2536e+11,18.70,2.40,6.69,14.34,6.69,10160000000.0,14.34,5220000000.0,2.66,9.40,4.70,1910000000.0,0.97,12920000000.0,0.84,1.47,5690000000.0,0.89,0.15,60.60,8590000.0,1.59,0.44,9410000.0,N/A
204,N/A,N/A,mos,N/A,N/A,N/A,N/A,N/A,39.46,7.26,0.96,0.91,13.24,16.30,5.22,11.73,25.11,8440000000.0,11270000000.0,9.13,1.88,1.24,4.97,1.24,1930000000.0,4.97,1200000000.0,3.30,20.80,6.50,1280000000.0,3.65,3800000000.0,2.28,27.28,2030000000.0,0.06,5.40,85.80,19200000.0,3.44,5.37,17120000.0,N/A
205,N/A,N/A,mrk,N/A,N/A,N/A,N/A,N/A,58.38,13.41,3.61,3.16,27.11,21.35,5.23,23.74,14.05,1.4121e+11,1.58e+11,13.52,3.78,3.97,10.85,3.97,25470000000.0,10.85,10780000000.0,3.77,104.00,4.60,12090000000.0,4.33,26670000000.0,1.63,16.27,7010000000.0,0.76,0.04,75.20,23870000.0,2.28,0.84,25610000.0,N/A
206,N/A,N/A,msft,N/A,N/A,N/A,N/A,N/A,50.00,33.77,4.45,5.21,13.52,29.73,9.85,14.64,11.19,4.0571e+11,3.4336e+11,16.33,2.01,3.78,10.59,3.78,60540000000.0,10.59,12270000000.0,1.50,1.80,12.20,99230000000.0,12.42,38720000000.0,2.46,9.70,29320000000.0,1.02,3.78,72.60,50870000.0,1.38,0.66,50160000.0,N/A
207,N/A,N/A,mu,N/A,N/A,N/A,N/A,N/A,55.89,5.47,0.75,0.91,14.04,14.38,5.74,16.32,14.11,10430000000.0,14980000000.0,6.79,22.98,1.00,3.05,1.00,5220000000.0,3.05,2100000000.0,1.84,79.50,26.70,3640000000.0,3.51,7420000000.0,2.11,11.89,4740000000.0,1.95,0.53,91.80,60440000.0,2.69,5.86,57260000.0,N/A
208,N/A,N/A,myl,N/A,N/A,N/A,N/A,N/A,65.56,28.64,2.74,2.52,9.34,19.99,6.18,12.76,20.35,25280000000.0,30490000000.0,10.34,1.07,3.38,11.57,3.38,3530000000.0,11.57,842200000.0,1.80,14.10,29.30,637700000.0,1.30,6430000000.0,1.76,19.96,1480000000.0,1.27,14.24,37.80,60110000.0,10.64,16.41,61290000.0,N/A
209,N/A,N/A,ndaq,N/A,N/A,N/A,N/A,N/A,43.91,26.43,2.73,1.70,10.58,26.49,4.68,6.26,20.56,9250000000.0,11560000000.0,15.22,1.86,3.34,11.00,3.34,1950000000.0,11.00,366000000.0,2.13,12.20,6.50,310000000.0,1.89,2440000000.0,1.11,33.80,752000000.0,0.87,18.44,78.40,3320000.0,2.95,2.79,3370000.0,N/A
210,N/A,N/A,ne,N/A,N/A,N/A,N/A,N/A,59.12,36.30,0.55,0.26,1.67,36.52,5.43,1.79,13.16,1760000000.0,6110000000.0,6.85,0.05,1.90,3.87,1.90,1670000000.0,3.87,63890000.0,0.20,156.20,7.90,164430000.0,0.68,4490000000.0,1.03,28.39,1640000000.0,1.78,0.73,101.80,58270000.0,8.39,10.60,58410000.0,N/A
211,N/A,N/A,nee,N/A,N/A,N/A,N/A,N/A,132.59,15.13,2.75,2.22,17.31,29.42,4.37,14.94,40.69,48500000000.0,78730000000.0,17.10,2.79,4.35,9.31,4.35,8270000000.0,9.31,3130000000.0,6.96,33.20,6.40,1180000000.0,2.56,30260000000.0,0.64,48.46,6040000000.0,0.54,0.24,73.50,6710000.0,2.81,1.52,6060000.0,N/A
212,N/A,N/A,nem,N/A,N/A,N/A,N/A,N/A,43.59,17.20,1.09,0.75,6.17,30.61,5.99,5.15,15.61,8760000000.0,11990000000.0,25.09,8.64,1.51,3.43,1.51,2840000000.0,3.43,479000000.0,0.96,2.80,16.40,2990000000.0,5.65,6350000000.0,3.07,21.82,2430000000.0,0.45,0.13,80.30,8950000.0,1.28,1.79,7900000.0,N/A
213,N/A,N/A,nflx,N/A,N/A,N/A,N/A,N/A,111.74,286.54,7.16,21.28,2.53,4.83,2.33,8.37,15.17,46050000000.0,45920000000.0,95.35,15.77,7.13,123.42,7.13,1750000000.0,123.42,162830000.0,0.38,50.40,23.30,2610000000.0,6.11,2420000000.0,1.67,5.07,543160000.0,1.44,1.82,87.50,48050000.0,3.31,13.47,50740000.0,N/A
214,N/A,N/A,nile,N/A,N/A,N/A,N/A,N/A,4.29,38.27,0.78,32.89,2.12,3.13,9.92,102.20,41.54,387970000.0,348060000.0,32.04,2.16,0.71,20.62,0.71,86640000.0,20.62,10330000.0,0.88,19.80,4.00,33610000.0,2.91,497.00,0.99,1.00,14730000.0,0.04,0.90,106.60,824.26,6.94,11.67,1040000.0,N/A
215,N/A,N/A,nke,N/A,N/A,N/A,N/A,N/A,16.23,28.67,3.17,7.43,11.55,14.05,13.19,28.84,18.29,1.0055e+11,95390000000.0,23.81,2.12,3.04,18.86,3.04,14070000000.0,18.86,3620000000.0,2.06,19.80,4.10,6120000000.0,3.59,2180000000.0,3.04,7.85,4170000000.0,0.63,0.20,83.90,43.00,1.12,1.11,43.00,N/A
216,N/A,N/A,noc,N/A,N/A,N/A,N/A,N/A,114.57,17.63,1.42,5.99,8.51,13.15,8.03,26.13,123.43,33300000000.0,39300000000.0,17.45,2.54,1.64,10.86,1.64,5600000000.0,10.86,2040000000.0,10.36,9.10,0.10,1290000000.0,7.08,6530000000.0,1.16,31.16,2020000000.0,0.82,0.59,86.00,2170000.0,1.86,1.11,2180000.0,N/A
217,N/A,N/A,nov,N/A,N/A,N/A,N/A,N/A,21.88,8.84,0.63,0.61,7.60,13.04,4.53,6.79,44.25,11170000000.0,13230000000.0,23.04,0.40,0.75,4.30,0.75,5810000000.0,4.30,1350000000.0,3.36,77.80,40.80,1850000000.0,4.91,3980000000.0,2.49,48.24,1450000000.0,1.62,0.14,93.40,37290000.0,6.35,9.47,39970000.0,N/A
218,N/A,N/A,nsc,N/A,N/A,N/A,N/A,N/A,80.60,12.85,1.97,1.77,15.71,29.24,5.95,13.89,35.66,21250000000.0,30800000000.0,12.83,9.93,2.84,7.40,2.84,7420000000.0,7.40,1700000000.0,5.54,19.10,10.30,433000000.0,1.45,9780000000.0,0.85,40.62,2680000000.0,1.11,0.30,69.80,4170000.0,1.90,1.28,5370000.0,N/A
219,N/A,N/A,ntap,N/A,N/A,N/A,N/A,N/A,49.85,16.56,1.07,2.10,6.74,8.88,3.66,12.28,19.28,6240000000.0,2950000000.0,8.24,0.80,0.50,4.44,0.50,3830000000.0,4.44,395900000.0,1.29,28.70,6.40,4810000000.0,16.47,1490000000.0,2.48,10.23,945100000.0,0.89,0.08,97.20,14980000.0,3.61,6.44,13570000.0,N/A
220,N/A,N/A,nue,N/A,N/A,N/A,N/A,N/A,55.13,17.90,0.63,1.46,3.50,6.82,4.98,9.42,56.13,11180000000.0,13710000000.0,16.05,2.16,0.76,7.09,0.76,1910000000.0,7.09,627950000.0,1.95,7.50,25.90,2000000000.0,6.24,4440000000.0,3.50,24.12,2170000000.0,1.37,4.02,74.60,7670000.0,3.09,2.41,7010000.0,N/A
221,N/A,N/A,nus,N/A,N/A,N/A,N/A,N/A,29.40,12.96,0.77,2.05,6.29,12.01,10.97,15.97,39.00,1780000000.0,1690000000.0,9.53,3.85,0.74,4.94,0.74,2090000000.0,4.94,143710000.0,2.40,76.20,10.60,316690000.0,5.53,252960000.0,1.89,14.97,336760000.0,1.49,2.26,78.90,10940000.0,13.04,18.97,10840000.0,N/A
222,N/A,N/A,nvda,N/A,N/A,N/A,N/A,N/A,31.80,25.68,3.03,3.29,12.34,18.07,7.81,13.83,8.93,14780000000.0,11400000000.0,20.21,5.85,2.34,10.52,2.34,2600000000.0,10.52,599590000.0,1.07,42.20,6.50,4730000000.0,8.79,1420000000.0,6.82,8.30,1110000000.0,0.81,5.25,87.50,46220000.0,7.14,10.60,43080000.0,N/A
223,N/A,N/A,nwl,N/A,N/A,N/A,N/A,N/A,153.26,25.28,1.64,5.42,6.61,14.00,7.83,20.34,21.75,9640000000.0,12140000000.0,15.03,1.74,2.07,12.25,2.07,2200000000.0,12.25,388400000.0,1.43,9.70,3.10,266200000.0,1.00,2740000000.0,1.21,6.68,578900000.0,0.96,0.56,92.60,26450000.0,4.80,11.04,8090000.0,N/A
224,N/A,N/A,oke,N/A,N/A,N/A,N/A,N/A,216.37,13.41,0.50,10.49,3.62,12.18,4.43,15.71,41.32,4190000000.0,13050000000.0,11.65,2.61,1.50,9.33,1.50,2110000000.0,9.33,317350000.0,1.49,27.50,39.10,38370000.0,0.18,8740000000.0,0.49,1.98,1110000000.0,1.39,0.96,75.30,14380000.0,3.05,6.97,8650000.0,N/A
225,N/A,N/A,omc,N/A,N/A,N/A,N/A,N/A,150.26,15.58,1.10,6.73,7.19,12.74,5.98,35.74,61.76,16460000000.0,19890000000.0,14.42,2.75,1.31,8.92,1.31,15320000000.0,8.92,1080000000.0,4.36,1.80,1.10,1430000000.0,5.90,4630000000.0,0.83,10.23,1880000000.0,1.37,0.69,99.20,16950000.0,8.95,6.93,16960000.0,N/A
226,N/A,N/A,orcl,N/A,N/A,N/A,N/A,N/A,90.52,16.36,3.87,3.17,24.55,35.95,8.22,19.51,8.66,1.4259e+11,1.3476e+11,11.99,1.67,3.60,8.86,3.60,30690000000.0,8.86,9200000000.0,2.07,12.20,6.30,52340000000.0,12.46,41940000000.0,4.26,10.91,12900000000.0,1.16,26.17,61.50,30820000.0,1.81,0.98,34490000.0,N/A
227,N/A,N/A,orly,N/A,N/A,N/A,N/A,N/A,69.78,27.10,2.99,11.62,11.49,18.93,13.90,44.96,77.24,23340000000.0,24370000000.0,22.82,1.50,3.13,14.45,3.13,3710000000.0,14.45,894320000.0,8.73,22.70,10.80,276920000.0,2.81,1400000000.0,1.02,20.28,1270000000.0,0.84,2.73,91.90,5110000.0,5.68,5.16,5330000.0,N/A
228,N/A,N/A,pbi,N/A,N/A,N/A,N/A,N/A,682.52,9.57,1.00,25.70,10.60,18.16,6.55,78.88,18.04,3580000000.0,5880000000.0,8.95,10.22,1.62,6.99,1.62,2140000000.0,6.99,381160000.0,1.90,32.50,7.70,750290000.0,3.81,2990000000.0,0.99,0.72,608810000.0,1.22,0.28,90.10,14210000.0,8.54,8.87,15330000.0,N/A
229,N/A,N/A,pcar,N/A,N/A,N/A,N/A,N/A,119.03,9.77,0.80,2.17,8.31,12.11,7.07,22.76,56.00,16020000000.0,21210000000.0,11.17,3.58,1.07,7.42,1.07,3050000000.0,7.42,1650000000.0,4.64,16.10,1.60,3450000000.0,9.76,8740000000.0,5.27,20.77,2370000000.0,1.35,2.41,64.10,43.00,6.06,4.78,43.00,N/A
230,N/A,N/A,pcg,N/A,N/A,N/A,N/A,N/A,97.66,28.32,1.53,1.57,5.13,9.01,1.60,5.30,35.42,25160000000.0,42260000000.0,13.68,2.99,2.49,10.23,2.49,4880000000.0,10.23,871000000.0,1.81,62.10,7.90,154000000.0,0.31,16430000000.0,1.00,33.80,3660000000.0,0.24,0.10,79.90,4720000.0,1.96,2.21,5390000.0,N/A
231,N/A,N/A,pcln,N/A,N/A,N/A,N/A,N/A,63.84,22.59,6.01,6.44,27.57,34.91,12.44,28.96,175.76,53830000000.0,56880000000.0,15.80,1.26,6.28,16.55,6.28,7580000000.0,16.55,2500000000.0,47.87,12.70,9.40,3050000000.0,61.32,5440000000.0,2.72,169.93,2980000000.0,1.51,0.36,97.20,1390000.0,3.09,2.70,1260000.0,N/A
232,N/A,N/A,pcp,N/A,N/A,N/A,N/A,N/A,43.44,24.53,3.30,2.78,13.68,24.25,7.37,11.57,69.29,31820000000.0,36260000000.0,16.82,1.29,3.75,13.53,3.75,3250000000.0,13.53,1340000000.0,9.43,26.60,9.30,632000000.0,4.59,5000000000.0,3.06,83.41,1670000000.0,0.44,0.22,92.10,2140000.0,2.40,1.78,2100000.0,N/A
233,N/A,N/A,pdco,N/A,N/A,N/A,N/A,N/A,83.02,21.35,0.79,2.88,3.69,7.93,7.84,14.57,50.43,3830000000.0,4960000000.0,14.39,1.64,1.00,10.69,1.00,1240000000.0,10.69,205950000.0,1.85,34.10,42.00,95450000.0,0.97,1130000000.0,2.09,13.84,111340000.0,0.93,16.04,76.30,6620000.0,8.80,7.61,6750000.0,N/A
234,N/A,N/A,peg,N/A,N/A,N/A,N/A,N/A,71.58,10.71,1.85,1.56,16.92,28.25,5.46,14.76,21.59,19720000000.0,29210000000.0,13.30,9.44,2.68,6.40,2.68,3850000000.0,6.40,1850000000.0,3.64,1.10,1.80,282000000.0,0.56,9260000000.0,0.89,25.59,3850000000.0,0.40,0.14,68.50,12780000.0,4.36,2.53,10800000.0,N/A
235,N/A,N/A,pep,N/A,N/A,N/A,N/A,N/A,237.06,27.82,2.17,10.29,7.83,15.26,8.17,27.71,43.56,1.3661e+11,1.6103e+11,19.45,3.56,2.50,13.31,2.50,35800000000.0,13.31,5040000000.0,3.37,73.50,5.20,10680000000.0,7.33,32189999999.999996,1.20,9.31,10590000000.0,0.77,0.22,71.40,8960000.0,2.09,0.61,7330000.0,N/A
236,N/A,N/A,pfe,N/A,N/A,N/A,N/A,N/A,58.18,23.02,3.95,2.84,17.45,30.29,5.30,11.55,7.72,1.8928e+11,2.0793e+11,12.99,3.21,4.34,10.68,4.34,40030000000.0,10.68,8370000000.0,1.33,20.10,2.20,20660000000.0,3.35,39050000000.0,1.62,10.82,15200000000.0,1.07,0.04,72.00,123450000.0,3.63,2.01,85660000.0,N/A
237,N/A,N/A,pfg,N/A,N/A,N/A,N/A,N/A,40.80,8.90,0.91,1.14,10.44,13.39,0.47,12.63,40.93,10680000000.0,10260000000.0,8.31,3.37,0.85,5.67,0.85,5250000000.0,5.67,1230000000.0,4.10,20.70,30.50,4710000000.0,16.08,3980000000.0,5.93,32.78,4230000000.0,1.74,0.36,68.80,4990000.0,3.01,1.70,4950000.0,N/A
238,N/A,N/A,pg,N/A,N/A,N/A,N/A,N/A,48.43,28.54,2.80,3.38,10.33,20.45,7.08,13.86,27.28,2.063e+11,2.28e+11,17.97,2.44,3.08,12.52,3.08,37400000000.0,12.52,8620000000.0,2.66,30.70,12.00,12610000000.0,4.63,30490000000.0,1.13,22.50,14510000000.0,0.89,0.07,30.50,26510000.0,2.82,0.98,25020000.0,N/A
239,N/A,N/A,pgr,N/A,N/A,N/A,N/A,N/A,34.42,13.42,0.85,2.33,6.34,10.08,4.65,17.80,35.14,17340000000.0,17810000000.0,14.99,2.20,0.86,8.06,0.86,2090000000.0,8.06,1310000000.0,2.21,6.00,10.50,2330000000.0,3.98,2720000000.0,0.89,12.76,2230000000.0,0.88,2.49,82.60,16710000.0,5.15,2.86,16360000.0,N/A
240,N/A,N/A,ph,N/A,N/A,N/A,N/A,N/A,69.13,13.25,0.97,2.46,7.53,11.80,7.34,16.22,87.97,11760000000.0,13510000000.0,12.80,1.46,1.10,7.65,1.10,3060000000.0,7.65,927030000.0,6.53,30.40,12.30,1790000000.0,13.16,3360000000.0,2.09,35.68,1050000000.0,1.50,1.04,92.90,7090000.0,5.86,5.19,8039999.999999999,N/A
241,N/A,N/A,phm,N/A,N/A,N/A,N/A,N/A,49.54,11.72,0.95,1.20,8.41,12.35,5.09,10.41,16.05,5440000000.0,6990000000.0,10.05,1.45,1.22,9.27,1.22,1380000000.0,9.27,479930000.0,1.33,23.30,5.50,745280000.0,2.13,2260000000.0,2.71,13.09,139400000.0,1.10,9.47,87.50,13830000.0,2.93,3.80,14370000.0,N/A
242,N/A,N/A,pki,N/A,N/A,N/A,N/A,N/A,50.06,31.17,2.36,2.60,7.73,10.68,3.81,8.53,20.08,5390000000.0,6180000000.0,16.96,2.14,2.73,17.40,2.73,1000000000.0,17.40,175520000.0,1.55,29.80,3.90,195070000.0,1.74,1030000000.0,1.94,18.36,258420000.0,0.60,0.92,96.30,2760000.0,4.17,2.83,2630000.0,N/A
243,N/A,N/A,pnw,N/A,N/A,N/A,N/A,N/A,77.76,17.65,2.06,1.55,11.51,23.08,3.49,8.90,31.44,7050000000.0,10900000000.0,15.90,3.45,3.13,8.03,3.13,1400000000.0,8.03,401550000.0,3.60,5.40,2.30,13010000.0,0.12,3730000000.0,0.70,41.98,1030000000.0,0.44,0.47,80.70,1520000.0,1.57,1.38,1870000.0,N/A
244,N/A,N/A,pom,N/A,N/A,N/A,N/A,N/A,142.82,28.55,1.33,1.53,4.65,12.46,2.44,5.15,19.77,6650000000.0,12840000000.0,22.62,5.40,2.57,10.23,2.57,1670000000.0,10.23,232000000.0,0.92,15.20,3.70,271000000.0,1.07,6470000000.0,0.66,17.15,706000000.0,0.69,0.30,64.70,6650000.0,4.22,2.63,6690000.0,N/A
245,N/A,N/A,ppg,N/A,N/A,N/A,N/A,N/A,87.61,21.98,1.61,4.83,7.66,13.10,7.25,21.03,56.26,25420000000.0,27800000000.0,14.64,1.36,1.81,11.11,1.81,6570000000.0,11.11,1180000000.0,4.26,16.70,1.60,1420000000.0,5.27,4550000000.0,1.53,18.98,1480000000.0,1.66,0.38,73.90,1970000.0,1.58,0.72,2100000.0,N/A
246,N/A,N/A,ppl,N/A,N/A,N/A,N/A,N/A,194.93,22.62,1.97,2.21,8.52,29.39,4.83,14.48,17.19,22030000000.0,41570000000.0,14.14,4.07,3.62,8.65,3.62,7670000000.0,8.65,1740000000.0,1.45,20.90,0.10,982000000.0,1.46,19930000000.0,0.67,15.22,2810000000.0,0.49,0.03,48.00,11300000.0,2.55,1.70,11790000.0,N/A
247,N/A,N/A,prgo,N/A,N/A,N/A,N/A,N/A,50.08,143.97,4.29,2.00,2.89,17.01,3.17,1.48,35.09,21350000000.0,26300000000.0,14.96,1.33,5.26,18.17,5.26,1710000000.0,18.17,144300000.0,1.01,16.90,41.30,523000000.0,3.57,5380000000.0,1.73,73.31,1140000000.0,0.66,0.47,46.40,4550000.0,3.80,3.25,3890000.0,N/A
248,N/A,N/A,pru,N/A,N/A,N/A,N/A,N/A,106.24,9.05,0.49,0.73,5.47,15.29,0.79,8.27,138.87,30240000000.0,13920000000.0,6.65,0.89,0.22,1.40,0.22,20540000000.0,1.40,3410000000.0,7.44,186.10,8.80,62630000000.0,139.48,45440000000.0,1.68,95.06,19800000000.0,1.37,0.18,65.80,4790000.0,2.05,1.06,4030000.0000000005,N/A
249,N/A,N/A,psa,N/A,N/A,N/A,N/A,N/A,0.60,40.32,17.82,8.49,53.20,52.59,8.30,13.99,14.10,41610000000.0,46910000000.0,24.90,4.72,19.28,27.44,19.28,1580000000.0,27.44,1030000000.0,5.96,15.70,8.60,35670000.0,0.21,55720000.0,0.12,29.49,1750000000.0,0.34,15.12,79.70,43.00,2.72,1.90,2410000.0,N/A
250,N/A,N/A,psx,N/A,N/A,N/A,N/A,N/A,37.25,8.98,0.43,1.81,4.81,4.83,5.98,20.65,179.44,41040000000.0,46090000000.0,10.79,1.74,0.47,7.94,0.47,21030000000.0,7.94,4720000000.0,8.56,33.70,39.20,4820000000.0,9.04,8950000000.0,1.70,43.48,5090000000.0,1.49,10.84,68.00,8050000.000000001,2.48,1.48,9550000.0,N/A
251,N/A,N/A,pwr,N/A,N/A,N/A,N/A,N/A,10.94,9.71,0.36,0.90,4.90,5.04,4.24,5.89,37.21,2820000000.0,3110000000.0,10.26,3.04,0.40,5.12,0.40,1230000000.0,5.12,211400000.0,1.82,128.60,9.60,49190000.0,0.31,350560000.0,1.76,19.53,690290000.0,0.68,0.73,90.90,12120000.0,3.59,5.95,16090000.0,N/A
252,N/A,N/A,px,N/A,N/A,N/A,N/A,N/A,197.74,19.95,2.50,6.56,12.77,22.48,8.08,24.67,38.74,27860000000.0,37350000000.0,16.06,6.29,3.34,10.28,3.34,5310000000.0,10.28,1430000000.0,4.90,15.90,14.60,136000000.0,0.48,9520000000.0,1.29,14.97,2660000000.0,1.01,0.14,3.20,7870000.0,5.04,2.73,8300000.000000001,N/A
253,N/A,N/A,qcom,N/A,N/A,N/A,N/A,N/A,34.92,14.26,2.74,2.24,20.85,29.49,9.38,14.93,15.63,69040000000.0,62930000000.0,9.37,0.92,2.49,7.26,2.49,14900000000.0,7.26,5270000000.0,3.22,43.90,18.50,17320000000.0,11.52,10970000000.0,3.62,20.62,5510000000.0,1.45,0.17,82.10,13980000.0,0.88,0.96,15840000.0,N/A
254,N/A,N/A,r,N/A,N/A,N/A,N/A,N/A,279.23,10.74,0.39,1.31,3.66,9.79,3.93,12.29,124.41,2580000000.0,7930000000.0,7.27,1.08,1.21,4.54,1.21,1380000000.0,4.54,241140000.0,4.50,8.40,1.10,75390000.0,1.41,5450000000.0,0.82,36.54,1460000000.0,1.60,0.92,99.10,3250000.0,3.33,6.13,2950000.0,N/A
255,N/A,N/A,rai,N/A,N/A,N/A,N/A,N/A,97.04,17.15,6.88,3.63,32.00,34.78,6.14,26.60,8.32,65000000000.0,81810000000.0,19.44,1.93,8.39,23.40,8.39,4410000000.0,23.40,3120000000.0,2.65,40.70,41.10,3180000000.0,2.23,17930000000.0,1.13,12.93,30000000.0,0.87,42.21,47.90,14280000.0,3.08,2.32,14950000.0,N/A
256,N/A,N/A,rhi,N/A,N/A,N/A,N/A,N/A,0.12,16.17,1.12,5.56,6.95,11.36,21.30,35.21,37.81,5600000000.0,5350000000.0,13.66,1.07,1.07,8.60,1.07,1920000000.0,8.60,348410000.0,2.61,13.50,7.20,251820000.0,1.92,1200000.0,2.08,7.67,403120000.0,1.01,3.28,89.90,1040000.0,0.83,0.79,1280000.0,N/A
257,N/A,N/A,rht,N/A,N/A,N/A,N/A,N/A,54.23,68.44,6.63,9.72,9.84,14.79,4.90,15.05,10.77,12870000000.0,12670000000.0,32.19,2.29,6.42,34.45,6.42,1520000000.0,34.45,194030000.0,1.03,2.30,14.80,1140000000.0,6.22,729280000.0,1.35,7.36,686020000.0,0.89,0.56,98.00,6410000.0,3.52,4.21,5760000.0,N/A
258,N/A,N/A,rl,N/A,N/A,N/A,N/A,N/A,26.79,16.10,1.14,2.25,7.50,12.30,8.99,14.36,86.38,8760000000.0,8480000000.0,13.24,2.00,1.13,6.91,1.13,4380000000.0,6.91,563000000.0,6.42,20.40,1.20,1130000000.0,13.30,1020000000.0,2.80,44.99,985000000.0,0.69,0.39,98.50,6720000.0,6.86,11.28,6210000.0,N/A
259,N/A,N/A,rok,N/A,N/A,N/A,N/A,N/A,66.51,14.73,1.91,5.35,13.12,18.38,11.48,33.68,46.90,11820000000.0,11400000000.0,13.87,2.93,1.81,8.68,1.81,2700000000.0,8.68,826900000.0,6.09,19.10,9.80,2150000000.0,16.28,1500000000.0,3.05,17.05,1190000000.0,1.25,0.51,78.70,8330000.0,8.32,6.35,7560000.0,N/A
260,N/A,N/A,rost,N/A,N/A,N/A,N/A,N/A,16.54,21.30,1.82,8.90,8.57,13.73,21.02,43.88,28.88,21590000000.0,21200000000.0,18.97,1.86,1.81,11.31,1.81,3100000000.0,11.31,1010000000.0,2.45,11.90,7.10,487120000.0,1.20,395910000.0,1.39,5.91,1150000000.0,1.27,2.26,91.70,8860000.0,3.41,2.19,10560000.0,N/A
261,N/A,N/A,rsg,N/A,N/A,N/A,N/A,N/A,96.91,24.03,1.68,1.95,6.95,15.04,4.17,7.99,25.69,14810000000.0,22650000000.0,19.75,5.13,2.51,9.47,2.51,3160000000.0,9.47,628000000.0,1.78,15.70,3.40,102500000.0,0.30,7560000000.0,0.76,22.43,1750000000.0,0.70,31.30,64.60,7720000.0,4.50,3.17,8570000.0,N/A
262,N/A,N/A,rtn,N/A,N/A,N/A,N/A,N/A,49.89,17.43,1.58,3.59,9.04,12.59,6.53,18.37,76.46,35650000000.0,38690000000.0,16.72,2.68,1.68,11.76,1.68,5530000000.0,11.76,2040000000.0,6.79,13.20,5.60,3060000000.0,10.17,5330000000.0,1.51,33.71,2450000000.0,0.70,0.38,79.60,2360000.0,1.34,0.77,2830000.0,N/A
263,N/A,N/A,sbux,N/A,N/A,N/A,N/A,N/A,40.95,31.27,4.54,14.94,14.39,17.55,18.12,49.75,12.81,84510000000.0,87710000000.0,26.11,1.76,4.58,20.41,4.58,11380000000.0,20.41,2760000000.0,1.82,11.00,17.60,1610000000.0,1.09,2380000000.0,1.19,3.92,3750000000.0,0.83,2.79,72.60,9200000.0,1.14,0.68,9570000.0,N/A
264,N/A,N/A,scg,N/A,N/A,N/A,N/A,N/A,121.55,11.41,1.90,1.62,16.24,23.61,4.23,14.53,32.46,8590000000.0,15440000000.0,15.15,3.58,3.33,10.08,3.33,1620000000.0,10.08,753000000.0,5.27,3.50,4.70,54000000.0,0.38,6590000000.0,0.94,37.92,979000000.0,0.34,9.28,59.20,6490000.0,7.15,5.01,7020000.0,N/A
265,N/A,N/A,schl,N/A,N/A,N/A,N/A,N/A,1.68,4.67,0.80,1.05,16.94,3.52,2.06,1.65,48.79,1290000000.0,969460000.0,19.59,3.01,0.60,11.64,0.60,877300000.0,11.64,18000000.0,8.06,5.30,1.50,360900000.0,10.52,21000000.0,2.22,36.37,102000000.0,0.50,12.57,87.70,2040000.0,8.43,13.88,2290000.0,N/A
266,N/A,N/A,se,N/A,N/A,N/A,N/A,N/A,143.66,20.90,2.98,2.28,14.05,34.45,3.53,9.74,8.22,16130000000.0,30710000000.0,18.34,4.19,5.57,11.44,5.57,3110000000.0,11.44,775000000.0,1.15,13.40,8.60,353000000.0,0.53,14640000000.0,0.54,10.75,2500000000.0,1.01,0.16,74.60,43.00,3.09,4.04,27080000.0,N/A
267,N/A,N/A,see,N/A,N/A,N/A,N/A,N/A,052.06,30.23,1.09,17.87,3.84,12.23,6.96,31.45,34.97,7880000000.0,12200000000.0,15.47,1.09,1.68,10.99,1.68,2690000000.0,10.99,276200000.0,1.32,42.40,11.60,334300000.0,1.69,4650000000.0,1.25,2.24,941500000.0,1.39,0.56,96.00,3800000.0,2.09,1.81,3860000.0,N/A
268,N/A,N/A,shw,N/A,N/A,N/A,N/A,N/A,200.80,23.63,1.95,22.61,8.74,13.11,14.92,84.93,121.64,22840000000.0,24190000000.0,19.23,1.21,2.14,14.40,2.14,5160000000.0,14.40,984240000.0,10.39,14.80,0.10,91030000.0,0.99,1960000000.0,1.27,10.59,1100000000.0,1.28,17.39,68.40,1350000.0,2.31,1.88,1330000.0,N/A
269,N/A,N/A,siri,N/A,N/A,N/A,N/A,N/A,875.04,40.45,4.27,305.00,11.61,29.01,9.76,83.97,0.82,18760000000.0,24330000000.0,24.00,1.62,5.45,15.56,5.45,2080000000.0,15.56,518210000.0,0.09,22.30,10.70,152540000.0,0.03,5410000000.0,0.59,0.01,1270000000.0,0.98,59.99,23.80,147390000.0,5.66,6.37,155700000.0,N/A
270,N/A,N/A,sjm,N/A,N/A,N/A,N/A,N/A,81.08,35.08,2.07,1.98,5.54,15.38,5.11,6.18,61.72,14290000000.0,20050000000.0,18.57,2.55,2.90,14.10,2.90,1970000000.0,14.10,381300000.0,3.40,11.20,40.20,139000000.0,1.16,5860000000.0,1.77,60.44,1230000000.0,0.73,7.33,64.60,3770000.0,4.62,3.83,3720000.0,N/A
271,N/A,N/A,slb,N/A,N/A,N/A,N/A,N/A,32.14,23.13,1.96,2.09,8.40,17.41,6.67,8.73,31.73,77000000000.0,84890000000.0,25.23,1.32,2.10,7.58,2.10,11180000000.0,7.58,3390000000.0,2.64,49.30,33.00,6600000000.0,5.24,12270000000.0,1.54,30.09,10310000000.0,1.34,0.06,78.00,41770000.0,5.01,3.27,42780000.0,N/A
272,N/A,N/A,sna,N/A,N/A,N/A,N/A,N/A,39.42,19.49,2.52,3.83,12.89,20.74,10.64,20.32,61.91,8870000000.0,9870000000.0,16.92,1.94,2.75,12.14,2.75,1730000000.0,12.14,463500000.0,7.84,12.60,2.60,118700000.0,2.04,937700000.0,2.49,40.66,449300000.0,1.14,0.81,85.90,1540000.0,4.55,2.66,1390000.0,N/A
273,N/A,N/A,sndk,N/A,N/A,N/A,N/A,N/A,37.94,33.19,2.48,2.53,7.90,14.76,5.37,7.25,27.46,13780000000.0,14700000000.0,18.66,10.56,2.55,9.96,2.55,3070000000.0,9.96,454900000.0,2.07,49.40,16.80,1700000000.0,8.46,2140000000.0000002,3.17,28.07,1100000000.0,2.51,10.74,86.20,14120000.0,7.83,6.75,14890000.0,N/A
274,N/A,N/A,sni,N/A,N/A,N/A,N/A,N/A,223.35,12.96,2.52,4.83,20.24,40.57,13.50,38.32,21.55,7220000000.0,11050000000.0,11.70,1.05,3.90,8.65,3.90,1890000000.0,8.65,573970000.0,4.33,5.20,20.40,247350000.0,1.92,4150000000.0000005,3.31,11.51,855920000.0,1.70,21.54,96.70,11410000.0,9.49,13.39,11860000.0,N/A
275,N/A,N/A,so,N/A,N/A,N/A,N/A,N/A,123.02,18.04,2.43,2.11,13.26,23.84,3.74,11.05,19.73,42870000000.0,70700000000.0,15.99,4.49,3.94,10.78,3.94,7440000000.0,10.78,2380000000.0,2.61,33.60,1.20,1120000000.0,1.23,27160000000.0,0.65,22.73,6220000000.0,0.15,0.03,51.70,21270000.0,4.76,2.35,23310000.0,N/A
276,N/A,N/A,spg,N/A,N/A,N/A,N/A,N/A,422.75,30.52,11.15,12.74,35.57,50.37,5.38,38.34,16.67,55890000000.0,80190000000.0,16.59,2.13,15.50,20.89,15.50,3990000000.0,20.89,1840000000.0,5.92,66.50,6.90,856860000.0,2.77,22630000000.0,0.42,14.63,3020000000.0,0.46,0.72,98.60,3430000.0,2.56,1.28,3850000.0,N/A
277,N/A,N/A,spls,N/A,N/A,N/A,N/A,N/A,19.36,180.00,0.26,1.06,0.15,4.38,5.43,0.57,33.51,5680000000.0,5920000000.0,9.69,7.15,0.28,4.25,0.28,5800000000.0,4.25,32530000.0,0.05,8.80,6.20,782000000.0,1.22,1040000000.0,1.64,8.30,837940000.0,1.59,0.70,97.10,22770000.0,1.60,3.58,24410000.0,N/A
278,N/A,N/A,srcl,N/A,N/A,N/A,N/A,N/A,55.44,36.90,3.55,3.62,9.76,22.03,7.94,11.79,32.66,9780000000.0,10690000000.0,21.68,1.76,3.85,14.87,3.85,1090000000.0,14.87,269010000.0,3.12,36.90,7.60,669170000.0,7.87,1520000000.0,2.47,31.98,396820000.0,0.02,1.22,90.80,43.00,4.15,4.83,43.00,N/A
279,N/A,N/A,sre,N/A,N/A,N/A,N/A,N/A,119.33,17.70,2.24,1.98,12.43,17.70,2.86,11.24,41.49,22350000000.0,37070000000.0,16.80,1.97,3.61,12.22,3.61,3350000000.0,12.22,1280000000.0,5.09,28.70,11.90,704000000.0,2.83,14790000000.0,0.71,46.79,2590000000.0,0.71,5.33,75.30,3230000.0,2.56,1.38,3030000.0,N/A
280,N/A,N/A,stj,N/A,N/A,N/A,N/A,N/A,126.60,15.34,2.75,3.80,18.29,24.44,7.91,24.34,19.54,15260000000.0,17720000000.0,12.88,1.27,3.20,10.65,3.20,3970000000.0,10.65,1010000000.0,3.52,9.70,2.40,2550000000.0,9.01,5060000000.0,1.75,14.15,1250000000.0,1.11,2.44,86.30,5590000.0,3.43,2.33,5480000.0,N/A
281,N/A,N/A,stx,N/A,N/A,N/A,N/A,N/A,215.40,6.79,0.69,4.64,10.83,8.95,7.65,57.31,40.53,8740000000.0,11140000000.0,7.25,2.56,0.87,5.61,0.87,3810000000.0,5.61,1400000000.0,4.31,91.10,22.70,1920000000.0,6.42,4139999999.9999995,1.80,6.43,2870000000.0,1.12,11.39,88.70,28200000.0,7.11,10.76,29120000.0,N/A
282,N/A,N/A,swk,N/A,N/A,N/A,N/A,N/A,76.02,18.97,1.27,2.54,6.76,12.90,5.59,13.38,75.15,14020000000.0,18370000000.0,14.52,1.47,1.62,9.79,1.62,4100000000.0,9.79,855900000.0,4.94,3.40,1.70,307900000.0,2.06,4350000000.0,1.25,37.66,1120000000.0,0.75,0.59,88.40,2880000.0,2.17,1.89,5620000.0,N/A
283,N/A,N/A,syk,N/A,N/A,N/A,N/A,N/A,41.14,29.65,3.49,4.05,11.95,22.94,8.45,13.76,26.08,34220000000.0,34500000000.0,16.28,1.95,3.50,13.05,3.50,6380000000.0,13.05,1180000000.0,3.07,428.10,1.30,3370000000.0,8.99,3490000000.0,2.26,22.59,907000000.0,1.00,8.29,76.00,43.00,3.07,1.33,4490000.0,N/A
284,N/A,N/A,symc,N/A,N/A,N/A,N/A,N/A,29.53,19.38,2.09,2.20,10.91,21.45,6.51,11.38,8.99,12710000000.0,11240000000.0,16.95,2.67,1.83,6.48,1.83,5360000000.0,6.48,671000000.0,0.97,36.10,7.40,3360000000.0,4.97,1740000000.0,1.25,8.66,1280000000.0,1.15,0.23,93.60,14910000.0,2.18,2.49,15530000.0,N/A
285,N/A,N/A,syy,N/A,N/A,N/A,N/A,N/A,57.73,36.32,0.46,4.49,1.34,3.67,8.29,12.19,82.13,22390000000.0,25260000000.0,18.80,2.54,0.52,10.77,0.52,8550000000.0,10.77,652380000.0,1.09,12.30,0.90,388260000.0,0.69,3090000000.0,1.77,8.90,1230000000.0,0.43,7.16,76.70,32509999.999999996,8.24,5.87,34310000.0,N/A
286,N/A,N/A,t,N/A,N/A,N/A,N/A,N/A,105.98,35.65,1.53,1.74,3.68,11.03,2.79,5.06,25.84,2.0855e+11,3.3584e+11,12.11,2.18,2.41,9.90,2.41,71840000000.0,9.90,5120000000.0,0.95,4.30,18.60,6600000000.0,1.07,130130000000.0,0.73,19.80,32440000000.0,0.46,0.05,63.20,108260000.0,4.41,2.09,99600000.0,N/A
287,N/A,N/A,te,N/A,N/A,N/A,N/A,N/A,155.33,47.31,2.31,2.49,4.84,19.84,3.92,8.43,11.88,6330000000.0,10300000000.0,22.62,3.61,3.73,11.49,3.73,1020000000.0,11.49,216900000.0,0.57,379.30,1.00,55400000.0,0.24,3980000000.0,0.64,10.89,638000000.0,0.39,1.20,60.00,3100000.0,1.69,1.34,4330000.0,N/A
288,N/A,N/A,tel,N/A,N/A,N/A,N/A,N/A,40.72,9.57,1.75,2.28,19.78,16.30,6.12,13.31,30.21,21070000000.0,21970000000.0,12.65,0.93,1.80,8.42,1.80,4090000000.0,8.42,1240000000.0,5.89,56.90,2.90,3330000000.0,8.62,3900000000.0,2.21,24.33,1910000000.0,0.88,0.22,93.60,2640000.0,1.01,0.65,2730000.0,N/A
289,N/A,N/A,tif,N/A,N/A,N/A,N/A,N/A,37.58,16.13,1.97,2.89,11.90,19.48,10.01,17.19,32.36,7920000000.0,8590000000.0,14.96,1.89,2.06,8.48,2.06,2540000000.0,8.48,496880000.0,3.83,137.60,2.20,725100000.0,5.66,1080000000.0,5.06,22.25,864820000.0,1.87,13.20,80.90,9800000.0,6.60,8.72,10070000.0,N/A
290,N/A,N/A,tjx,N/A,N/A,N/A,N/A,N/A,37.33,20.54,1.51,10.49,7.46,12.11,19.43,51.80,44.64,45160000000.0,45120000000.0,18.68,1.92,1.49,10.56,1.49,8300000000.0,10.56,2260000000.0,3.28,1.30,5.30,2120000000.0,3.17,1620000000.0,1.55,6.50,2840000000.0,0.75,0.54,91.20,8010000.0,2.60,1.18,7870000.0,N/A
291,N/A,N/A,tmk,N/A,N/A,N/A,N/A,N/A,31.79,12.26,1.62,1.53,13.42,21.15,2.66,12.28,31.88,6370000000.0,7760000000.0,11.64,2.04,1.93,9.02,1.93,1750000000.0,9.02,540890000.0,4.21,9.80,2.50,123150000.0,1.00,1360000000.0,0.40,34.62,950200000.0,0.97,1.99,78.40,43.00,5.65,3.03,3800000.0,N/A
292,N/A,N/A,tmo,N/A,N/A,N/A,N/A,N/A,63.89,27.10,3.20,2.58,11.75,14.18,3.55,9.57,42.13,53100000000.0,66660000000.0,16.23,1.88,3.97,16.42,3.97,7490000000.0,16.42,1980000000.0,4.91,1.00,1.20,503400000.0,1.26,13320000000.0,1.05,52.24,2540000000.0,1.00,0.18,89.60,5090000.0,3.21,1.28,3980000.0,N/A
293,N/A,N/A,trip,N/A,N/A,N/A,N/A,N/A,21.72,43.56,6.98,7.74,15.70,21.89,9.69,19.15,10.25,9990000000.0,9870000000.0,30.24,2.21,6.71,26.96,6.71,1210000000.0,26.96,231000000.0,1.59,37.00,17.20,686000000.0,4.76,288000000.0,2.65,9.20,368000000.0,2.95,19.44,91.80,16100000.000000002,13.48,16.20,15690000.0,N/A
294,N/A,N/A,trv,N/A,N/A,N/A,N/A,N/A,28.06,9.28,1.20,1.34,13.42,19.92,3.24,14.63,84.79,31530000000.0,33550000000.0,10.59,3.01,1.25,5.42,1.25,13290000000.0,5.42,3580000000.0,11.17,1.00,1.30,5470000000.0,17.99,6740000000.0,0.40,79.00,3200000000.0,1.27,0.45,84.30,7300000.0,3.89,2.30,8050000.000000001,N/A
295,N/A,N/A,tsn,N/A,N/A,N/A,N/A,N/A,69.29,16.94,0.48,2.05,2.95,5.79,6.38,13.15,102.16,19770000000.0,25940000000.0,12.65,1.19,0.63,8.37,0.63,3920000000.0,8.37,1220000000.0,2.95,88.30,4.00,690000000.0,1.72,6720000000.0,1.52,24.18,2570000000.0,0.46,1.72,92.00,24560000.0,4.81,8.46,27880000.0,N/A
296,N/A,N/A,tso,N/A,N/A,N/A,N/A,N/A,48.31,6.75,0.36,2.04,5.38,10.08,12.40,25.74,243.34,10500000000.0,13810000000.0,8.82,0.60,0.46,3.86,0.46,4940000000.0,3.86,1660000000.0,12.91,91.70,30.90,959000000.0,7.83,3800000000.0,1.63,43.84,2160000000.0,1.63,6.17,86.40,7420000.0,3.88,5.94,6690000.0,N/A
297,N/A,N/A,tss,N/A,N/A,N/A,N/A,N/A,74.56,23.01,3.08,4.42,13.38,19.40,8.60,20.41,14.76,8250000000.0,9270000000.0,16.99,1.47,3.44,14.18,3.44,777980000.0,14.18,361140000.0,1.95,43.90,14.80,447850000.0,2.43,1420000000.0,2.76,10.20,630640000.0,0.98,2.38,74.50,4590000.0,2.57,2.93,3610000.0,N/A
298,N/A,N/A,twc,N/A,N/A,N/A,N/A,N/A,259.82,26.95,2.15,5.75,8.17,19.35,5.82,22.96,83.03,51040000000.0,72550000000.0,23.41,6.42,3.10,9.27,3.10,15990000000.0,9.27,1890000000.0,6.69,12.40,3.60,485000000.0,1.71,22730000000.0,0.50,30.88,6520000000.0,0.84,5.12,88.30,7220000.0,5.11,2.57,7350000.0,N/A
299,N/A,N/A,twx,N/A,N/A,N/A,N/A,N/A,96.83,15.68,1.95,2.37,12.93,25.69,7.29,14.96,34.65,55080000000.0,76950000000.0,13.05,0.97,2.69,9.60,2.69,11480000000.0,9.60,3650000000.0,4.39,7.00,5.10,1770000000.0,2.22,22930000000.0,1.45,29.45,4000000000.0,1.36,0.11,83.70,14540000.0,2.40,1.77,16399999.999999998,N/A
300,N/A,N/A,txn,N/A,N/A,N/A,N/A,N/A,41.44,17.59,3.74,4.93,22.75,32.22,15.30,29.11,12.58,49720000000.0,50310000000.0,16.50,1.77,3.85,9.42,3.85,7430000000.0,9.42,2930000000.0,2.79,3.40,2.10,2740000000.0,2.70,4130000000.0,2.92,9.78,4110000000.0,1.34,0.22,87.20,23620000.0,4.42,2.71,23400000.0,N/A
301,N/A,N/A,txt,N/A,N/A,N/A,N/A,N/A,80.32,14.89,0.74,2.15,5.02,8.20,4.70,14.80,49.03,9950000000.0,13350000000.0,12.63,1.03,0.98,8.44,0.98,2460000000.0,8.44,686000000.0,2.44,10.70,7.30,497000000.0,1.82,3770000000.0,1.91,17.15,1060000000.0,1.45,0.10,80.80,5070000.0,3.71,2.08,4280000.0,N/A
302,N/A,N/A,ua,N/A,N/A,N/A,N/A,N/A,59.15,68.85,3.93,9.43,5.82,10.40,9.56,15.39,17.16,14530000000.0,15230000000.0,49.51,2.78,4.13,32.04,4.13,1510000000.0,32.04,214680000.0,0.98,12.80,28.40,159400000.0,0.74,908070000.0,2.09,7.11,21920000.0,0.16,0.36,77.40,43.00,8.61,13.99,25060000.0,N/A
303,N/A,N/A,unh,N/A,N/A,N/A,N/A,N/A,91.61,18.21,0.73,3.24,4.16,7.70,7.30,17.84,154.03,1.0941e+11,1.2916e+11,13.10,1.14,0.88,10.34,0.88,37220000000.0,10.34,6100000000.0,6.30,0.30,26.60,9920000000.0,10.41,31780000000.0,0.68,34.75,8660000000.0,0.57,1.62,89.60,10040000.0,2.86,1.07,10260000.0,N/A
304,N/A,N/A,unm,N/A,N/A,N/A,N/A,N/A,31.89,18.63,0.64,0.80,3.48,5.69,0.61,4.15,42.64,6670000000.0,8890000000.0,7.17,1.02,0.84,12.68,0.84,2790000000.0,12.68,370100000.0,1.47,7.00,1.70,707400000.0,2.91,2740000000.0,5.15,35.25,1280000000.0,1.48,0.47,93.60,3370000.0,2.34,1.35,3000000.0,N/A
305,N/A,N/A,unp,N/A,N/A,N/A,N/A,N/A,64.66,12.70,2.78,3.08,22.35,37.38,10.00,24.13,26.01,62870000000.0,75530000000.0,12.60,1.90,3.32,7.20,3.32,17890000000.0,7.20,5090000000.0,5.80,5.10,10.00,1080000000.0,1.26,13320000000.0,1.12,24.07,7650000000.0,0.82,0.16,81.00,11090000.0,1.67,1.26,9000000.0,N/A
306,N/A,N/A,ups,N/A,N/A,N/A,N/A,N/A,751.49,20.34,1.38,41.77,6.81,10.90,10.59,104.48,64.44,78980000000.0,89400000000.0,15.40,1.73,1.54,10.66,1.54,43470000000.0,10.66,3970000000.0,4.36,3.50,0.40,5690000000.0,6.39,14640000000.0,1.14,2.16,7950000000.0,1.02,0.06,69.10,7960000.0,2.30,1.13,11030000.0,N/A
307,N/A,N/A,urbn,N/A,N/A,N/A,N/A,N/A,9.82,11.74,0.71,2.16,6.74,10.49,11.68,18.19,26.77,2460000000.0,2330000000.0,10.85,0.94,0.68,4.71,0.68,1170000000.0,4.71,231910000.0,1.78,10.30,1.30,219140000.0,1.87,115000000.0,2.24,9.64,420490000.0,0.45,26.45,80.30,10690000.0,3.37,11.03,10310000.0,N/A
308,N/A,N/A,utx,N/A,N/A,N/A,N/A,N/A,70.43,13.11,1.18,2.48,9.07,15.03,6.54,17.92,72.26,75250000000.0,92800000000.0,12.97,1.29,1.45,8.02,1.45,17650000000.0,8.02,5680000000.0,6.47,26.50,5.60,5480000000.0,6.18,22670000000.0,1.37,34.41,6060000000.0,1.16,0.13,83.20,44120000.0,7.64,5.50,50220000.0,N/A
309,N/A,N/A,var,N/A,N/A,N/A,N/A,N/A,28.73,18.40,2.37,4.35,13.28,18.25,10.16,24.65,31.09,7220000000.0,7010000000.0,15.33,2.70,2.26,11.05,2.26,1280000000.0,11.05,411480000.0,4.09,6.80,0.70,845470000.0,8.73,495950000.0,1.83,17.45,469560000.0,0.60,0.24,98.80,7780000.0,11.53,8.06,7260000.0,N/A
310,N/A,N/A,vfc,N/A,N/A,N/A,N/A,N/A,50.55,22.88,1.84,4.29,8.30,14.68,10.72,18.56,29.39,23450000000.0,25160000000.0,15.67,1.58,2.01,11.90,2.01,5990000000.0,11.90,1040000000.0,2.40,2.30,2.60,566600000.0,1.33,2710000000.0,1.77,12.58,999820000.0,0.96,0.64,85.40,9990000.0,3.97,2.36,9740000.0,N/A
311,N/A,N/A,vlo,N/A,N/A,N/A,N/A,N/A,33.75,6.89,0.33,1.51,5.00,7.77,9.98,22.95,191.29,31530000000.0,34120000000.0,8.46,0.84,0.35,3.68,0.35,12700000000.0,3.68,4840000000.0,9.51,30.00,34.40,5300000000.0,11.01,7380000000.0,2.03,44.14,6120000000.0,1.32,0.44,84.20,16270000.0,2.82,3.17,15210000.0,N/A
312,N/A,N/A,vmc,N/A,N/A,N/A,N/A,N/A,45.37,64.45,3.31,2.52,5.13,14.26,3.61,4.15,24.99,10880000000.0,12810000000.0,24.43,4.72,3.86,17.17,3.86,587580000.0,17.17,177700000.0,1.27,85.00,18.90,168680000.0,1.27,1980000000.0,2.78,32.73,391950000.0,0.87,0.30,90.20,2540000.0,2.47,2.29,1810000.0,N/A
313,N/A,N/A,vno,N/A,N/A,N/A,N/A,N/A,117.83,17.41,6.17,3.18,37.46,31.54,2.68,8.33,14.80,16670000000.0,27310000000.0,16.85,3.46,9.81,20.27,9.81,1570000000.0,20.27,515580000.0,5.08,44.70,12.70,788140000.0,4.18,10080000000.0,3.85,28.67,750270000.0,0.69,9.12,88.90,3180000.0,4.28,2.32,3000000.0,N/A
314,N/A,N/A,vtr,N/A,N/A,N/A,N/A,N/A,114.19,42.85,5.34,1.93,11.54,28.66,2.89,4.99,10.82,17620000000.0,29730000000.0,12.57,3.12,8.57,15.80,8.57,1860000000.0,15.80,463790000.0,1.23,79.10,17.30,65230000.0,0.20,11270000000.0,0.82,28.86,1360000000.0,0.14,0.48,96.30,10650000.0,4.02,3.66,10400000.0,N/A
315,N/A,N/A,vz,N/A,N/A,N/A,N/A,N/A,772.47,17.83,1.40,13.90,7.86,16.22,5.65,65.91,31.79,1.8074e+11,2.9047e+11,11.16,1.49,2.23,7.80,2.23,77150000000.0,7.80,10260000000.0,2.49,9.30,5.00,4430000000.0,1.09,112330000000.0,0.63,3.23,35900000000.0,0.67,0.01,64.50,50880000.0,3.74,1.25,44470000.0,N/A
316,N/A,N/A,wat,N/A,N/A,N/A,N/A,N/A,82.81,22.29,5.04,5.22,23.01,28.16,9.12,24.63,24.58,10210000000.0,9600000000.0,19.53,2.33,4.71,14.43,4.71,1160000000.0,14.43,469290000.0,5.61,2.50,1.50,2310000000.0,28.30,1630000000.0,5.77,24.11,568360000.0,0.49,4.35,94.80,3830000.0,8.62,5.61,3620000.0,N/A
317,N/A,N/A,wdc,N/A,N/A,N/A,N/A,N/A,27.16,8.14,0.77,1.15,9.47,11.80,6.68,14.48,60.49,10610000000.0,7870000000.0,6.31,3.12,0.56,2.90,0.56,4220000000.0,2.90,1320000000.0,5.63,33.10,14.80,5430000000.0,23.43,2540000000.0,2.68,40.42,1960000000.0,0.99,2.40,77.10,11740000.0,3.88,5.10,12870000.0,N/A
318,N/A,N/A,wec,N/A,N/A,N/A,N/A,N/A,114.73,22.77,3.23,1.98,10.95,22.35,3.41,8.84,21.34,16710000000.0,27080000000.0,18.13,3.08,5.11,16.09,5.11,1630000000.0,16.09,580600000.0,2.33,44.50,64.40,22200000.0,0.07,9990000000.0,0.82,27.34,1240000000.0,0.23,0.14,62.90,8610000.0,4.48,3.82,7580000.0,N/A
319,N/A,N/A,wfm,N/A,N/A,N/A,N/A,N/A,1.72,19.81,0.65,2.72,3.48,6.23,10.43,14.14,42.93,10010000000.0,9710000000.0,18.10,2.56,0.63,6.95,0.63,5420000000.0,6.95,536000000.0,1.48,55.50,5.60,392000000.0,1.15,65000000.0,1.23,10.80,1130000000.0,0.84,0.81,80.80,34160000.0,4.94,9.60,34860000.0,N/A
320,N/A,N/A,whr,N/A,N/A,N/A,N/A,N/A,83.12,15.27,0.47,2.04,3.21,6.52,4.92,13.35,270.91,10210000000.0,14060000000.0,9.10,0.63,0.66,6.86,0.66,3400000000.0,6.86,684000000.0,8.56,2.20,9.40,698000000.0,8.93,4810000000.0,0.96,62.35,1450000000.0,1.81,0.75,92.90,3610000.0,4.08,4.71,3110000.0,N/A
321,N/A,N/A,wm,N/A,N/A,N/A,N/A,N/A,172.15,22.25,1.79,4.49,8.14,14.52,5.60,19.73,28.88,23180000000.0,35820000000.0,18.81,2.62,2.72,10.44,2.72,4990000000.0,10.44,1070000000.0,2.33,24.10,6.70,113000000.0,0.25,9050000000.0,0.98,11.73,2490000000.0,0.85,2.80,78.40,8800000.0,4.16,1.93,7120000.0,N/A
322,N/A,N/A,wmt,N/A,N/A,N/A,N/A,N/A,64.29,13.03,0.41,2.52,3.12,5.25,7.69,18.62,150.20,1.948e+11,2.4644e+11,14.59,15.31,0.51,7.10,0.51,1.2056e+11,7.10,15090000000.0,4.67,11.00,1.30,6990000000.0,2.18,53120000000.0,0.92,24.79,28100000000.0,0.38,51.35,30.60,27840000.0,2.65,1.76,28360000.0,N/A
323,N/A,N/A,wu,N/A,N/A,N/A,N/A,N/A,258.60,10.18,1.51,6.18,15.36,20.57,7.21,67.04,10.66,8340000000.0,10260000000.0,9.59,1.40,1.86,7.30,1.86,2310000000.0,7.30,847000000.0,1.62,0.80,2.90,1530000000.0,3.04,3480000000.0,0.42,2.66,1070000000.0,1.16,0.11,111.30,72550000.0,18.60,16.07,71920000.0,N/A
324,N/A,N/A,wy,N/A,N/A,N/A,N/A,N/A,110.74,22.61,1.82,2.68,8.59,14.49,4.92,11.42,13.73,12560000000.0,17360000000.0,17.08,5.01,2.43,11.44,2.43,1640000000.0,11.44,569000000.0,1.09,83.60,5.00,1050000000.0,2.05,5400000000.0,2.79,9.52,1030000000.0,1.11,1.41,83.80,19760000.0,5.41,3.82,20170000.0,N/A
325,N/A,N/A,wyn,N/A,N/A,N/A,N/A,N/A,508.64,14.21,1.38,7.39,10.12,18.59,6.58,45.35,45.55,7550000000.0,12430000000.0,11.58,0.99,2.28,9.99,2.28,2780000000.0,9.99,552000000.0,4.57,7.80,3.30,259000000.0,2.23,5180000000.0,0.97,8.76,902000000.0,1.36,1.15,95.10,11530000.0,11.10,9.60,11160000.0,N/A
326,N/A,N/A,xel,N/A,N/A,N/A,N/A,N/A,125.30,19.11,1.67,1.79,8.59,17.25,3.32,9.39,22.29,18580000000.0,31680000000.0,16.50,3.77,2.80,10.01,2.80,3730000000.0,10.01,971800000.0,1.92,15.70,1.10,412710000.0,0.81,13210000000.0,1.08,20.79,3130000000.0,0.30,0.15,71.80,8970000.0,2.32,1.77,9720000.0,N/A
327,N/A,N/A,xl,N/A,N/A,N/A,N/A,N/A,19.62,8.79,1.25,0.89,13.31,16.70,1.65,9.73,30.43,10390000000.0,8390000000.0,10.41,12.29,1.00,5.72,1.00,2360000000.0,5.72,1120000000.0,3.97,62.30,66.20,4870000000.0,16.36,2730000000.0,1.47,39.88,744660000.0,0.90,0.33,96.00,5590000.0,2.69,2.20,4820000.0,N/A
328,N/A,N/A,xlnx,N/A,N/A,N/A,N/A,N/A,60.58,20.13,4.92,4.22,25.84,31.50,8.89,21.74,8.58,11070000000.0,9280000000.0,19.23,2.04,4.15,11.95,4.15,1670000000.0,11.95,578100000.0,2.14,25.80,12.70,3300000000.0,12.83,1580000000.0,4.19,10.13,773660000.0,1.31,0.32,94.40,5090000.0,2.38,1.97,5380000.0,N/A
329,N/A,N/A,xom,N/A,N/A,N/A,N/A,N/A,19.40,15.46,1.21,1.86,7.56,7.47,3.55,11.26,62.64,3.0464e+11,3.4806e+11,23.76,2.09,1.32,9.29,1.32,1.2727e+11,9.29,19940000000.0,4.73,47.50,38.00,4300000000.0,1.03,34310000000.000004,0.86,41.01,33380000000.0,1.02,0.13,50.10,50450000.0,3.02,1.21,54570000.0,N/A
330,N/A,N/A,xray,N/A,N/A,N/A,N/A,N/A,50.70,29.16,2.90,3.46,10.19,16.27,5.96,11.60,19.40,7930000000.0,8800000000.0,20.14,2.57,3.23,15.53,3.23,1600000000.0,15.53,277350000.0,1.94,12.20,8.40,236600000.0,1.69,1160000000.0,1.29,16.31,563700000.0,1.43,0.35,92.60,7640000.0,8.58,6.95,7610000.0,N/A
331,N/A,N/A,yhoo,N/A,N/A,N/A,N/A,N/A,4.31,115.12,5.68,0.99,4.90,0.55,0.04,0.77,5.26,27180000000.0,22510000000.0,50.49,1.42,4.55,47.19,4.55,3320000000.0,47.19,242250000.0,0.25,98.90,6.80,5880000000.0,6.23,1220000000.0,5.63,29.94,2380000000.0,2.05,7.87,70.60,56690000.0,3.42,6.56,57000000.0,N/A
332,N/A,N/A,yum,N/A,N/A,N/A,N/A,N/A,169.94,32.48,2.26,16.24,7.09,15.57,14.64,40.20,30.03,29320000000.0,32010000000.0,18.99,2.04,2.43,11.47,2.43,3600000000.0,11.47,932000000.0,2.09,4.20,2.20,861000000.0,2.00,3220000000.0,0.73,4.23,2250000000.0,0.78,0.27,79.50,10040000.0,2.65,2.32,7410000.0,N/A
